location_id,n_features_outside_training_range,features_outside,outside_training_range
900000,1,dist_to_nearest_powerplant_km,True
900001,2,grassland_pct;dist_to_nearest_powerplant_km,True
900002,2,slope_deg;dist_to_nearest_powerplant_km,True
900003,1,dist_to_nearest_powerplant_km,True
900004,1,dist_to_nearest_powerplant_km,True
900005,1,dist_to_nearest_powerplant_km,True
900006,1,dist_to_nearest_powerplant_km,True
900007,1,dist_to_nearest_powerplant_km,True
900008,0,,False
900009,0,,False
900010,1,grassland_pct,True
900011,1,grassland_pct,True
900012,1,grassland_pct,True
900013,2,grassland_pct;built_up_pct,True
900014,2,grassland_pct;built_up_pct,True
900015,1,shrubland_pct,True
900016,4,shrubland_pct;built_up_pct;elevation_m;road_density_km_per_km2,True
900017,4,shrubland_pct;built_up_pct;elevation_m;road_density_km_per_km2,True
900018,4,shrubland_pct;built_up_pct;elevation_m;road_density_km_per_km2,True
900019,3,shrubland_pct;elevation_m;road_density_km_per_km2,True
900020,6,shrubland_pct;built_up_pct;bare_sparse_veg_pct;elevation_m;slope_deg;road_density_km_per_km2,True
900021,5,shrubland_pct;built_up_pct;elevation_m;slope_deg;road_density_km_per_km2,True
900022,5,shrubland_pct;built_up_pct;elevation_m;slope_deg;road_density_km_per_km2,True
900023,4,shrubland_pct;built_up_pct;elevation_m;road_density_km_per_km2,True
900024,5,shrubland_pct;built_up_pct;elevation_m;road_density_km_per_km2;dist_to_nearest_powerplant_km,True
900025,4,shrubland_pct;built_up_pct;road_density_km_per_km2;dist_to_nearest_powerplant_km,True
900026,4,shrubland_pct;slope_deg;road_density_km_per_km2;dist_to_nearest_powerplant_km,True
900027,2,slope_deg;dist_to_nearest_powerplant_km,True
900028,1,dist_to_nearest_powerplant_km,True
900029,1,dist_to_nearest_powerplant_km,True
900030,1,dist_to_nearest_powerplant_km,True
900031,1,dist_to_nearest_powerplant_km,True
900032,0,,False
900033,0,,False
900034,1,dist_to_nearest_powerplant_km,True
900035,1,dist_to_nearest_powerplant_km,True
900036,1,dist_to_nearest_powerplant_km,True
900037,1,dist_to_nearest_powerplant_km,True
900038,1,dist_to_nearest_powerplant_km,True
900039,1,dist_to_nearest_powerplant_km,True
900040,1,dist_to_nearest_powerplant_km,True
900041,1,dist_to_nearest_powerplant_km,True
900042,1,dist_to_nearest_powerplant_km,True
900043,0,,False
900044,0,,False
900045,0,,False
900046,0,,False
900047,1,grassland_pct,True
900048,1,grassland_pct,True
900049,1,grassland_pct,True
900050,0,,False
900051,4,shrubland_pct;built_up_pct;elevation_m;road_density_km_per_km2,True
900052,4,shrubland_pct;built_up_pct;elevation_m;road_density_km_per_km2,True
900053,3,shrubland_pct;elevation_m;road_density_km_per_km2,True
900054,3,shrubland_pct;elevation_m;road_density_km_per_km2,True
900055,5,shrubland_pct;built_up_pct;bare_sparse_veg_pct;elevation_m;road_density_km_per_km2,True
900056,5,shrubland_pct;built_up_pct;elevation_m;slope_deg;road_density_km_per_km2,True
900057,4,shrubland_pct;elevation_m;slope_deg;road_density_km_per_km2,True
900058,7,shrubland_pct;grassland_pct;built_up_pct;bare_sparse_veg_pct;elevation_m;slope_deg;road_density_km_per_km2,True
900059,6,shrubland_pct;built_up_pct;bare_sparse_veg_pct;elevation_m;road_density_km_per_km2;dist_to_nearest_powerplant_km,True
900060,4,shrubland_pct;built_up_pct;road_density_km_per_km2;dist_to_nearest_powerplant_km,True
900061,4,shrubland_pct;built_up_pct;road_density_km_per_km2;dist_to_nearest_powerplant_km,True
900062,1,dist_to_nearest_powerplant_km,True
900063,1,dist_to_nearest_powerplant_km,True
900064,1,dist_to_nearest_powerplant_km,True
900065,1,dist_to_nearest_powerplant_km,True
900066,2,tree_cover_pct;dist_to_nearest_powerplant_km,True
900067,1,dist_to_nearest_powerplant_km,True
900068,2,slope_deg;dist_to_nearest_powerplant_km,True
900069,1,dist_to_nearest_powerplant_km,True
900070,1,dist_to_nearest_powerplant_km,True
900071,1,dist_to_nearest_powerplant_km,True
900072,2,slope_deg;dist_to_nearest_powerplant_km,True
900073,1,dist_to_nearest_powerplant_km,True
900074,1,dist_to_nearest_powerplant_km,True
900075,1,dist_to_nearest_powerplant_km,True
900076,1,dist_to_nearest_powerplant_km,True
900077,1,dist_to_nearest_powerplant_km,True
900078,0,,False
900079,0,,False
900080,0,,False
900081,1,slope_deg,True
900082,0,,False
900083,0,,False
900084,0,,False
900085,0,,False
900086,0,,False
900087,0,,False
900088,1,elevation_m,True
900089,1,elevation_m,True
900090,2,shrubland_pct;elevation_m,True
900091,2,shrubland_pct;elevation_m,True
900092,3,shrubland_pct;elevation_m;slope_deg,True
900093,4,shrubland_pct;elevation_m;slope_deg;road_density_km_per_km2,True
900094,6,shrubland_pct;built_up_pct;elevation_m;slope_deg;road_density_km_per_km2;dist_to_nearest_powerplant_km,True
900095,5,shrubland_pct;built_up_pct;bare_sparse_veg_pct;road_density_km_per_km2;dist_to_nearest_powerplant_km,True
900096,4,shrubland_pct;built_up_pct;road_density_km_per_km2;dist_to_nearest_powerplant_km,True
900097,3,shrubland_pct;road_density_km_per_km2;dist_to_nearest_powerplant_km,True
900098,1,dist_to_nearest_powerplant_km,True
900099,2,slope_deg;dist_to_nearest_powerplant_km,True
900100,1,dist_to_nearest_powerplant_km,True
900101,1,dist_to_nearest_powerplant_km,True
900102,1,dist_to_nearest_powerplant_km,True
900103,1,dist_to_nearest_powerplant_km,True
900104,4,tree_cover_pct;cropland_pct;built_up_pct;road_density_km_per_km2,True
900105,4,tree_cover_pct;cropland_pct;built_up_pct;road_density_km_per_km2,True
900106,1,dist_to_nearest_powerplant_km,True
900107,1,dist_to_nearest_powerplant_km,True
900108,1,dist_to_nearest_powerplant_km,True
900109,1,dist_to_nearest_powerplant_km,True
900110,2,slope_deg;dist_to_nearest_powerplant_km,True
900111,2,slope_deg;dist_to_nearest_powerplant_km,True
900112,1,dist_to_nearest_powerplant_km,True
900113,2,tree_cover_pct;dist_to_nearest_powerplant_km,True
900114,1,dist_to_nearest_powerplant_km,True
900115,2,slope_deg;dist_to_nearest_powerplant_km,True
900116,2,slope_deg;dist_to_nearest_powerplant_km,True
900117,1,dist_to_nearest_powerplant_km,True
900118,1,dist_to_nearest_powerplant_km,True
900119,1,dist_to_nearest_powerplant_km,True
900120,1,dist_to_nearest_powerplant_km,True
900121,0,,False
900122,0,,False
900123,0,,False
900124,0,,False
900125,3,shrubland_pct;elevation_m;slope_deg,True
900126,0,,False
900127,0,,False
900128,0,,False
900129,0,,False
900130,0,,False
900131,0,,False
900132,1,grassland_pct,True
900133,2,grassland_pct;elevation_m,True
900134,2,shrubland_pct;elevation_m,True
900135,2,shrubland_pct;elevation_m,True
900136,4,shrubland_pct;built_up_pct;elevation_m;road_density_km_per_km2,True
900137,4,shrubland_pct;built_up_pct;elevation_m;road_density_km_per_km2,True
900138,4,shrubland_pct;built_up_pct;bare_sparse_veg_pct;road_density_km_per_km2,True
900139,3,shrubland_pct;built_up_pct;road_density_km_per_km2,True
900140,2,shrubland_pct;road_density_km_per_km2,True
900141,0,,False
900142,0,,False
900143,0,,False
900144,1,dist_to_nearest_powerplant_km,True
900145,1,dist_to_nearest_powerplant_km,True
900146,1,dist_to_nearest_powerplant_km,True
900147,3,tree_cover_pct;cropland_pct;dist_to_nearest_powerplant_km,True
900148,5,tree_cover_pct;cropland_pct;built_up_pct;road_density_km_per_km2;dist_to_nearest_powerplant_km,True
900149,5,tree_cover_pct;cropland_pct;built_up_pct;road_density_km_per_km2;dist_to_nearest_powerplant_km,True
900150,4,tree_cover_pct;built_up_pct;road_density_km_per_km2;dist_to_nearest_powerplant_km,True
900151,2,built_up_pct;dist_to_nearest_powerplant_km,True
900152,1,dist_to_nearest_powerplant_km,True
900153,1,dist_to_nearest_powerplant_km,True
900154,1,dist_to_nearest_powerplant_km,True
900155,2,tree_cover_pct;dist_to_nearest_powerplant_km,True
900156,1,dist_to_nearest_powerplant_km,True
900157,1,dist_to_nearest_powerplant_km,True
900158,1,dist_to_nearest_powerplant_km,True
900159,2,tree_cover_pct;dist_to_nearest_powerplant_km,True
900160,1,dist_to_nearest_powerplant_km,True
900161,1,dist_to_nearest_powerplant_km,True
900162,1,dist_to_nearest_powerplant_km,True
900163,1,dist_to_nearest_powerplant_km,True
900164,1,dist_to_nearest_powerplant_km,True
900165,1,dist_to_nearest_powerplant_km,True
900166,1,dist_to_nearest_powerplant_km,True
900167,1,dist_to_nearest_powerplant_km,True
900168,0,,False
900169,0,,False
900170,0,,False
900171,2,shrubland_pct;road_density_km_per_km2,True
900172,5,shrubland_pct;built_up_pct;bare_sparse_veg_pct;elevation_m;road_density_km_per_km2,True
900173,1,shrubland_pct,True
900174,0,,False
900175,0,,False
900176,0,,False
900177,0,,False
900178,0,,False
900179,0,,False
900180,1,elevation_m,True
900181,3,shrubland_pct;built_up_pct;elevation_m,True
900182,3,shrubland_pct;built_up_pct;elevation_m,True
900183,4,shrubland_pct;built_up_pct;elevation_m;road_density_km_per_km2,True
900184,4,shrubland_pct;built_up_pct;elevation_m;road_density_km_per_km2,True
900185,4,shrubland_pct;built_up_pct;slope_deg;road_density_km_per_km2,True
900186,4,shrubland_pct;built_up_pct;slope_deg;road_density_km_per_km2,True
900187,2,shrubland_pct;slope_deg,True
900188,0,,False
900189,0,,False
900190,0,,False
900191,0,,False
900192,0,,False
900193,3,elevation_m;road_density_km_per_km2;dist_to_nearest_powerplant_km,True
900194,2,tree_cover_pct;dist_to_nearest_powerplant_km,True
900195,2,tree_cover_pct;dist_to_nearest_powerplant_km,True
900196,1,dist_to_nearest_powerplant_km,True
900197,4,built_up_pct;wetland_herbaceous_pct;road_density_km_per_km2;dist_to_nearest_powerplant_km,True
900198,1,dist_to_nearest_powerplant_km,True
900199,1,dist_to_nearest_powerplant_km,True
900200,1,dist_to_nearest_powerplant_km,True
900201,1,dist_to_nearest_powerplant_km,True
900202,4,tree_cover_pct;cropland_pct;built_up_pct;dist_to_nearest_powerplant_km,True
900203,2,tree_cover_pct;dist_to_nearest_powerplant_km,True
900204,1,dist_to_nearest_powerplant_km,True
900205,1,dist_to_nearest_powerplant_km,True
900206,1,dist_to_nearest_powerplant_km,True
900207,2,tree_cover_pct;dist_to_nearest_powerplant_km,True
900208,1,dist_to_nearest_powerplant_km,True
900209,2,tree_cover_pct;dist_to_nearest_powerplant_km,True
900210,2,slope_deg;dist_to_nearest_powerplant_km,True
900211,1,dist_to_nearest_powerplant_km,True
900212,1,dist_to_nearest_powerplant_km,True
900213,1,dist_to_nearest_powerplant_km,True
900214,1,dist_to_nearest_powerplant_km,True
900215,2,slope_deg;dist_to_nearest_powerplant_km,True
900216,1,slope_deg,True
900217,0,,False
900218,0,,False
900219,3,shrubland_pct;elevation_m;road_density_km_per_km2,True
900220,4,shrubland_pct;built_up_pct;elevation_m;road_density_km_per_km2,True
900221,2,shrubland_pct;road_density_km_per_km2,True
900222,0,,False
900223,0,,False
900224,0,,False
900225,0,,False
900226,0,,False
900227,0,,False
900228,1,elevation_m,True
900229,4,shrubland_pct;built_up_pct;bare_sparse_veg_pct;elevation_m,True
900230,4,shrubland_pct;built_up_pct;bare_sparse_veg_pct;elevation_m,True
900231,5,shrubland_pct;built_up_pct;bare_sparse_veg_pct;elevation_m;road_density_km_per_km2,True
900232,3,shrubland_pct;built_up_pct;elevation_m,True
900233,2,shrubland_pct;slope_deg,True
900234,2,shrubland_pct;slope_deg,True
900235,1,shrubland_pct,True
900236,0,,False
900237,0,,False
900238,0,,False
900239,0,,False
900240,0,,False
900241,2,elevation_m;road_density_km_per_km2,True
900242,5,tree_cover_pct;cropland_pct;built_up_pct;road_density_km_per_km2;dist_to_nearest_powerplant_km,True
900243,5,tree_cover_pct;cropland_pct;built_up_pct;road_density_km_per_km2;dist_to_nearest_powerplant_km,True
900244,2,tree_cover_pct;dist_to_nearest_powerplant_km,True
900245,2,tree_cover_pct;dist_to_nearest_powerplant_km,True
900246,1,dist_to_nearest_powerplant_km,True
900247,4,built_up_pct;wetland_herbaceous_pct;road_density_km_per_km2;dist_to_nearest_powerplant_km,True
900248,1,dist_to_nearest_powerplant_km,True
900249,1,dist_to_nearest_powerplant_km,True
900250,1,dist_to_nearest_powerplant_km,True
900251,2,road_density_km_per_km2;dist_to_nearest_powerplant_km,True
900252,3,cropland_pct;road_density_km_per_km2;dist_to_nearest_powerplant_km,True
900253,1,dist_to_nearest_powerplant_km,True
900254,1,dist_to_nearest_powerplant_km,True
900255,1,dist_to_nearest_powerplant_km,True
900256,3,wetland_herbaceous_pct;slope_deg;dist_to_nearest_powerplant_km,True
900257,2,wetland_herbaceous_pct;dist_to_nearest_powerplant_km,True
900258,1,dist_to_nearest_powerplant_km,True
900259,4,tree_cover_pct;built_up_pct;slope_deg;dist_to_nearest_powerplant_km,True
900260,1,dist_to_nearest_powerplant_km,True
900261,1,dist_to_nearest_powerplant_km,True
900262,1,dist_to_nearest_powerplant_km,True
900263,1,dist_to_nearest_powerplant_km,True
900264,2,slope_deg;dist_to_nearest_powerplant_km,True
900265,2,slope_deg;dist_to_nearest_powerplant_km,True
900266,1,slope_deg,True
900267,1,slope_deg,True
900268,0,,False
900269,2,shrubland_pct;elevation_m,True
900270,2,shrubland_pct;elevation_m,True
900271,0,,False
900272,0,,False
900273,0,,False
900274,0,,False
900275,0,,False
900276,0,,False
900277,0,,False
900278,1,elevation_m,True
900279,2,shrubland_pct;elevation_m,True
900280,5,shrubland_pct;built_up_pct;bare_sparse_veg_pct;elevation_m;road_density_km_per_km2,True
900281,4,shrubland_pct;built_up_pct;elevation_m;road_density_km_per_km2,True
900282,2,shrubland_pct;built_up_pct,True
900283,2,shrubland_pct;slope_deg,True
900284,0,,False
900285,0,,False
900286,0,,False
900287,0,,False
900288,0,,False
900289,0,,False
900290,0,,False
900291,1,elevation_m,True
900292,3,tree_cover_pct;cropland_pct;dist_to_nearest_powerplant_km,True
900293,5,tree_cover_pct;cropland_pct;built_up_pct;road_density_km_per_km2;dist_to_nearest_powerplant_km,True
900294,6,tree_cover_pct;cropland_pct;built_up_pct;slope_deg;road_density_km_per_km2;dist_to_nearest_powerplant_km,True
900295,5,tree_cover_pct;cropland_pct;built_up_pct;road_density_km_per_km2;dist_to_nearest_powerplant_km,True
900296,4,tree_cover_pct;cropland_pct;built_up_pct;dist_to_nearest_powerplant_km,True
900297,4,tree_cover_pct;cropland_pct;built_up_pct;dist_to_nearest_powerplant_km,True
900298,1,dist_to_nearest_powerplant_km,True
900299,1,dist_to_nearest_powerplant_km,True
900300,1,dist_to_nearest_powerplant_km,True
900301,2,road_density_km_per_km2;dist_to_nearest_powerplant_km,True
900302,2,road_density_km_per_km2;dist_to_nearest_powerplant_km,True
900303,1,dist_to_nearest_powerplant_km,True
900304,1,dist_to_nearest_powerplant_km,True
900305,2,slope_deg;dist_to_nearest_powerplant_km,True
900306,3,wetland_herbaceous_pct;slope_deg;dist_to_nearest_powerplant_km,True
900307,1,dist_to_nearest_powerplant_km,True
900308,1,dist_to_nearest_powerplant_km,True
900309,2,slope_deg;dist_to_nearest_powerplant_km,True
900310,1,dist_to_nearest_powerplant_km,True
900311,1,dist_to_nearest_powerplant_km,True
900312,1,dist_to_nearest_powerplant_km,True
900313,0,,False
900314,0,,False
900315,1,slope_deg,True
900316,0,,False
900317,0,,False
900318,0,,False
900319,1,elevation_m,True
900320,1,elevation_m,True
900321,0,,False
900322,0,,False
900323,0,,False
900324,0,,False
900325,0,,False
900326,0,,False
900327,0,,False
900328,1,elevation_m,True
900329,3,shrubland_pct;elevation_m;road_density_km_per_km2,True
900330,6,shrubland_pct;grassland_pct;built_up_pct;bare_sparse_veg_pct;elevation_m;road_density_km_per_km2,True
900331,4,shrubland_pct;built_up_pct;bare_sparse_veg_pct;road_density_km_per_km2,True
900332,4,shrubland_pct;built_up_pct;bare_sparse_veg_pct;road_density_km_per_km2,True
900333,3,shrubland_pct;bare_sparse_veg_pct;slope_deg,True
900334,1,shrubland_pct,True
900335,1,shrubland_pct,True
900336,0,,False
900337,0,,False
900338,0,,False
900339,0,,False
900340,1,elevation_m,True
900341,1,elevation_m,True
900342,4,tree_cover_pct;cropland_pct;road_density_km_per_km2;dist_to_nearest_powerplant_km,True
900343,5,tree_cover_pct;cropland_pct;built_up_pct;road_density_km_per_km2;dist_to_nearest_powerplant_km,True
900344,3,tree_cover_pct;cropland_pct;dist_to_nearest_powerplant_km,True
900345,4,tree_cover_pct;cropland_pct;road_density_km_per_km2;dist_to_nearest_powerplant_km,True
900346,6,tree_cover_pct;cropland_pct;built_up_pct;slope_deg;road_density_km_per_km2;dist_to_nearest_powerplant_km,True
900347,4,tree_cover_pct;cropland_pct;slope_deg;dist_to_nearest_powerplant_km,True
900348,1,dist_to_nearest_powerplant_km,True
900349,1,dist_to_nearest_powerplant_km,True
900350,4,water_pct;slope_deg;road_density_km_per_km2;dist_to_nearest_powerplant_km,True
900351,6,tree_cover_pct;built_up_pct;water_pct;slope_deg;road_density_km_per_km2;dist_to_nearest_powerplant_km,True
900352,4,tree_cover_pct;built_up_pct;road_density_km_per_km2;dist_to_nearest_powerplant_km,True
900353,5,tree_cover_pct;cropland_pct;built_up_pct;road_density_km_per_km2;dist_to_nearest_powerplant_km,True
900354,3,tree_cover_pct;slope_deg;dist_to_nearest_powerplant_km,True
900355,1,dist_to_nearest_powerplant_km,True
900356,1,dist_to_nearest_powerplant_km,True
900357,1,dist_to_nearest_powerplant_km,True
900358,2,tree_cover_pct;dist_to_nearest_powerplant_km,True
900359,2,tree_cover_pct;dist_to_nearest_powerplant_km,True
900360,1,dist_to_nearest_powerplant_km,True
900361,0,,False
900362,1,shrubland_pct,True
900363,0,,False
900364,0,,False
900365,0,,False
900366,0,,False
900367,0,,False
900368,0,,False
900369,1,shrubland_pct,True
900370,2,shrubland_pct;elevation_m,True
900371,1,elevation_m,True
900372,0,,False
900373,0,,False
900374,0,,False
900375,0,,False
900376,0,,False
900377,0,,False
900378,2,shrubland_pct;slope_deg,True
900379,3,shrubland_pct;built_up_pct;road_density_km_per_km2,True
900380,2,shrubland_pct;bare_sparse_veg_pct,True
900381,1,shrubland_pct,True
900382,1,shrubland_pct,True
900383,3,shrubland_pct;built_up_pct;bare_sparse_veg_pct,True
900384,2,shrubland_pct;built_up_pct,True
900385,0,,False
900386,1,slope_deg,True
900387,0,,False
900388,0,,False
900389,0,,False
900390,1,elevation_m,True
900391,1,elevation_m,True
900392,5,tree_cover_pct;cropland_pct;built_up_pct;road_density_km_per_km2;dist_to_nearest_powerplant_km,True
900393,6,tree_cover_pct;cropland_pct;built_up_pct;slope_deg;road_density_km_per_km2;dist_to_nearest_powerplant_km,True
900394,5,tree_cover_pct;cropland_pct;slope_deg;road_density_km_per_km2;dist_to_nearest_powerplant_km,True
900395,4,tree_cover_pct;cropland_pct;road_density_km_per_km2;dist_to_nearest_powerplant_km,True
900396,3,tree_cover_pct;slope_deg;dist_to_nearest_powerplant_km,True
900397,3,tree_cover_pct;slope_deg;dist_to_nearest_powerplant_km,True
900398,1,dist_to_nearest_powerplant_km,True
900399,5,tree_cover_pct;cropland_pct;built_up_pct;road_density_km_per_km2;dist_to_nearest_powerplant_km,True
900400,7,tree_cover_pct;grassland_pct;cropland_pct;built_up_pct;slope_deg;road_density_km_per_km2;dist_to_nearest_powerplant_km,True
900401,7,tree_cover_pct;grassland_pct;built_up_pct;wetland_herbaceous_pct;slope_deg;road_density_km_per_km2;dist_to_nearest_powerplant_km,True
900402,7,tree_cover_pct;built_up_pct;bare_sparse_veg_pct;wetland_herbaceous_pct;slope_deg;road_density_km_per_km2;dist_to_nearest_powerplant_km,True
900403,7,tree_cover_pct;cropland_pct;built_up_pct;wetland_herbaceous_pct;slope_deg;road_density_km_per_km2;dist_to_nearest_powerplant_km,True
900404,5,tree_cover_pct;wetland_herbaceous_pct;slope_deg;road_density_km_per_km2;dist_to_nearest_powerplant_km,True
900405,1,dist_to_nearest_powerplant_km,True
900406,1,dist_to_nearest_powerplant_km,True
900407,1,dist_to_nearest_powerplant_km,True
900408,1,dist_to_nearest_powerplant_km,True
900409,1,dist_to_nearest_powerplant_km,True
900410,0,,False
900411,0,,False
900412,0,,False
900413,0,,False
900414,0,,False
900415,0,,False
900416,0,,False
900417,0,,False
900418,0,,False
900419,1,shrubland_pct,True
900420,1,shrubland_pct,True
900421,1,elevation_m,True
900422,0,,False
900423,0,,False
900424,0,,False
900425,0,,False
900426,0,,False
900427,0,,False
900428,0,,False
900429,0,,False
900430,0,,False
900431,0,,False
900432,0,,False
900433,1,shrubland_pct,True
900434,1,shrubland_pct,True
900435,0,,False
900436,0,,False
900437,0,,False
900438,0,,False
900439,0,,False
900440,0,,False
900441,1,elevation_m,True
900442,7,tree_cover_pct;cropland_pct;built_up_pct;bare_sparse_veg_pct;slope_deg;road_density_km_per_km2;dist_to_nearest_powerplant_km,True
900443,5,tree_cover_pct;built_up_pct;slope_deg;road_density_km_per_km2;dist_to_nearest_powerplant_km,True
900444,6,tree_cover_pct;cropland_pct;built_up_pct;slope_deg;road_density_km_per_km2;dist_to_nearest_powerplant_km,True
900445,1,dist_to_nearest_powerplant_km,True
900446,1,dist_to_nearest_powerplant_km,True
900447,3,cropland_pct;road_density_km_per_km2;dist_to_nearest_powerplant_km,True
900448,2,road_density_km_per_km2;dist_to_nearest_powerplant_km,True
900449,5,tree_cover_pct;cropland_pct;slope_deg;road_density_km_per_km2;dist_to_nearest_powerplant_km,True
900450,7,tree_cover_pct;grassland_pct;built_up_pct;wetland_herbaceous_pct;slope_deg;road_density_km_per_km2;dist_to_nearest_powerplant_km,True
900451,7,grassland_pct;built_up_pct;water_pct;wetland_herbaceous_pct;slope_deg;road_density_km_per_km2;dist_to_nearest_powerplant_km,True
900452,8,grassland_pct;built_up_pct;bare_sparse_veg_pct;water_pct;wetland_herbaceous_pct;slope_deg;road_density_km_per_km2;dist_to_nearest_powerplant_km,True
900453,8,grassland_pct;built_up_pct;bare_sparse_veg_pct;water_pct;wetland_herbaceous_pct;slope_deg;road_density_km_per_km2;dist_to_nearest_powerplant_km,True
900454,3,wetland_herbaceous_pct;road_density_km_per_km2;dist_to_nearest_powerplant_km,True
900455,3,wetland_herbaceous_pct;road_density_km_per_km2;dist_to_nearest_powerplant_km,True
900456,1,dist_to_nearest_powerplant_km,True
900457,1,dist_to_nearest_powerplant_km,True
900458,1,dist_to_nearest_powerplant_km,True
900459,1,dist_to_nearest_powerplant_km,True
900460,0,,False
900461,0,,False
900462,0,,False
900463,0,,False
900464,0,,False
900465,0,,False
900466,0,,False
900467,0,,False
900468,0,,False
900469,2,grassland_pct;slope_deg,True
900470,0,,False
900471,0,,False
900472,0,,False
900473,0,,False
900474,0,,False
900475,0,,False
900476,0,,False
900477,0,,False
900478,0,,False
900479,0,,False
900480,0,,False
900481,4,tree_cover_pct;grassland_pct;built_up_pct;slope_deg,True
900482,0,,False
900483,0,,False
900484,1,slope_deg,True
900485,0,,False
900486,0,,False
900487,0,,False
900488,0,,False
900489,0,,False
900490,0,,False
900491,1,elevation_m,True
900492,5,tree_cover_pct;cropland_pct;slope_deg;road_density_km_per_km2;dist_to_nearest_powerplant_km,True
900493,4,tree_cover_pct;slope_deg;road_density_km_per_km2;dist_to_nearest_powerplant_km,True
900494,4,tree_cover_pct;slope_deg;road_density_km_per_km2;dist_to_nearest_powerplant_km,True
900495,1,dist_to_nearest_powerplant_km,True
900496,1,dist_to_nearest_powerplant_km,True
900497,4,cropland_pct;built_up_pct;road_density_km_per_km2;dist_to_nearest_powerplant_km,True
900498,3,slope_deg;road_density_km_per_km2;dist_to_nearest_powerplant_km,True
900499,7,tree_cover_pct;cropland_pct;built_up_pct;wetland_herbaceous_pct;slope_deg;road_density_km_per_km2;dist_to_nearest_powerplant_km,True
900500,6,grassland_pct;built_up_pct;wetland_herbaceous_pct;slope_deg;road_density_km_per_km2;dist_to_nearest_powerplant_km,True
900501,7,grassland_pct;built_up_pct;water_pct;wetland_herbaceous_pct;slope_deg;road_density_km_per_km2;dist_to_nearest_powerplant_km,True
900502,6,grassland_pct;built_up_pct;bare_sparse_veg_pct;wetland_herbaceous_pct;road_density_km_per_km2;dist_to_nearest_powerplant_km,True
900503,7,grassland_pct;cropland_pct;built_up_pct;bare_sparse_veg_pct;slope_deg;road_density_km_per_km2;dist_to_nearest_powerplant_km,True
900504,7,grassland_pct;built_up_pct;bare_sparse_veg_pct;wetland_herbaceous_pct;slope_deg;road_density_km_per_km2;dist_to_nearest_powerplant_km,True
900505,2,wetland_herbaceous_pct;dist_to_nearest_powerplant_km,True
900506,1,dist_to_nearest_powerplant_km,True
900507,1,dist_to_nearest_powerplant_km,True
900508,1,dist_to_nearest_powerplant_km,True
900509,0,,False
900510,0,,False
900511,0,,False
900512,0,,False
900513,0,,False
900514,0,,False
900515,0,,False
900516,0,,False
900517,0,,False
900518,0,,False
900519,0,,False
900520,0,,False
900521,1,elevation_m,True
900522,0,,False
900523,0,,False
900524,0,,False
900525,0,,False
900526,0,,False
900527,0,,False
900528,0,,False
900529,0,,False
900530,0,,False
900531,0,,False
900532,0,,False
900533,0,,False
900534,1,slope_deg,True
900535,0,,False
900536,0,,False
900537,0,,False
900538,0,,False
900539,1,grassland_pct,True
900540,1,grassland_pct,True
900541,1,elevation_m,True
900542,2,road_density_km_per_km2;dist_to_nearest_powerplant_km,True
900543,2,road_density_km_per_km2;dist_to_nearest_powerplant_km,True
900544,4,cropland_pct;slope_deg;road_density_km_per_km2;dist_to_nearest_powerplant_km,True
900545,1,dist_to_nearest_powerplant_km,True
900546,5,tree_cover_pct;cropland_pct;slope_deg;road_density_km_per_km2;dist_to_nearest_powerplant_km,True
900547,5,tree_cover_pct;cropland_pct;built_up_pct;road_density_km_per_km2;dist_to_nearest_powerplant_km,True
900548,2,confidence_rmse;dist_to_nearest_powerplant_km,True
900549,2,road_density_km_per_km2;dist_to_nearest_powerplant_km,True
900550,4,built_up_pct;wetland_herbaceous_pct;road_density_km_per_km2;dist_to_nearest_powerplant_km,True
900551,4,cropland_pct;built_up_pct;road_density_km_per_km2;dist_to_nearest_powerplant_km,True
900552,4,cropland_pct;built_up_pct;road_density_km_per_km2;dist_to_nearest_powerplant_km,True
900553,4,cropland_pct;slope_deg;road_density_km_per_km2;dist_to_nearest_powerplant_km,True
900554,4,cropland_pct;slope_deg;road_density_km_per_km2;dist_to_nearest_powerplant_km,True
900555,1,dist_to_nearest_powerplant_km,True
900556,1,dist_to_nearest_powerplant_km,True
900557,1,dist_to_nearest_powerplant_km,True
900558,3,confidence_rmse;slope_deg;dist_to_nearest_powerplant_km,True
900559,0,,False
900560,0,,False
900561,0,,False
900562,0,,False
900563,0,,False
900564,1,confidence_rmse,True
900565,0,,False
900566,0,,False
900567,0,,False
900568,0,,False
900569,0,,False
900570,1,shrubland_pct,True
900571,0,,False
900572,0,,False
900573,0,,False
900574,0,,False
900575,0,,False
900576,0,,False
900577,0,,False
900578,0,,False
900579,0,,False
900580,0,,False
900581,0,,False
900582,0,,False
900583,0,,False
900584,0,,False
900585,0,,False
900586,0,,False
900587,0,,False
900588,0,,False
900589,1,grassland_pct,True
900590,1,grassland_pct,True
900591,1,elevation_m,True
900592,2,road_density_km_per_km2;dist_to_nearest_powerplant_km,True
900593,4,cropland_pct;built_up_pct;road_density_km_per_km2;dist_to_nearest_powerplant_km,True
900594,4,cropland_pct;built_up_pct;road_density_km_per_km2;dist_to_nearest_powerplant_km,True
900595,4,cropland_pct;built_up_pct;road_density_km_per_km2;dist_to_nearest_powerplant_km,True
900596,3,cropland_pct;road_density_km_per_km2;dist_to_nearest_powerplant_km,True
900597,4,cropland_pct;built_up_pct;road_density_km_per_km2;dist_to_nearest_powerplant_km,True
900598,1,dist_to_nearest_powerplant_km,True
900599,1,dist_to_nearest_powerplant_km,True
900600,1,dist_to_nearest_powerplant_km,True
900601,2,confidence_rmse;dist_to_nearest_powerplant_km,True
900602,1,road_density_km_per_km2,True
900603,0,,False
900604,2,cropland_pct;road_density_km_per_km2,True
900605,3,cropland_pct;built_up_pct;road_density_km_per_km2,True
900606,0,,False
900607,1,dist_to_nearest_powerplant_km,True
900608,2,built_up_pct;dist_to_nearest_powerplant_km,True
900609,1,slope_deg,True
900610,1,bare_sparse_veg_pct,True
900611,1,bare_sparse_veg_pct,True
900612,0,,False
900613,0,,False
900614,0,,False
900615,1,confidence_rmse,True
900616,0,,False
900617,0,,False
900618,0,,False
900619,0,,False
900620,0,,False
900621,0,,False
900622,0,,False
900623,0,,False
900624,0,,False
900625,3,tree_cover_pct;grassland_pct;cropland_pct,True
900626,1,tree_cover_pct,True
900627,0,,False
900628,0,,False
900629,0,,False
900630,0,,False
900631,0,,False
900632,0,,False
900633,0,,False
900634,0,,False
900635,0,,False
900636,0,,False
900637,0,,False
900638,0,,False
900639,1,elevation_m,True
900640,1,elevation_m,True
900641,1,elevation_m,True
900642,4,cropland_pct;built_up_pct;road_density_km_per_km2;dist_to_nearest_powerplant_km,True
900643,4,tree_cover_pct;cropland_pct;road_density_km_per_km2;dist_to_nearest_powerplant_km,True
900644,5,tree_cover_pct;cropland_pct;built_up_pct;road_density_km_per_km2;dist_to_nearest_powerplant_km,True
900645,4,cropland_pct;built_up_pct;road_density_km_per_km2;dist_to_nearest_powerplant_km,True
900646,3,cropland_pct;road_density_km_per_km2;dist_to_nearest_powerplant_km,True
900647,3,cropland_pct;road_density_km_per_km2;dist_to_nearest_powerplant_km,True
900648,3,cropland_pct;road_density_km_per_km2;dist_to_nearest_powerplant_km,True
900649,3,cropland_pct;road_density_km_per_km2;dist_to_nearest_powerplant_km,True
900650,0,,False
900651,0,,False
900652,2,confidence_rmse;road_density_km_per_km2,True
900653,4,cropland_pct;built_up_pct;bare_sparse_veg_pct;road_density_km_per_km2,True
900654,4,tree_cover_pct;cropland_pct;bare_sparse_veg_pct;road_density_km_per_km2,True
900655,5,cropland_pct;built_up_pct;bare_sparse_veg_pct;slope_deg;road_density_km_per_km2,True
900656,4,confidence_rmse;cropland_pct;slope_deg;road_density_km_per_km2,True
900657,3,cropland_pct;slope_deg;road_density_km_per_km2,True
900658,1,road_density_km_per_km2,True
900659,1,confidence_rmse,True
900660,0,,False
900661,0,,False
900662,0,,False
900663,0,,False
900664,0,,False
900665,0,,False
900666,0,,False
900667,0,,False
900668,0,,False
900669,0,,False
900670,0,,False
900671,0,,False
900672,0,,False
900673,0,,False
900674,1,tree_cover_pct,True
900675,2,tree_cover_pct;bare_sparse_veg_pct,True
900676,0,,False
900677,0,,False
900678,1,bare_sparse_veg_pct,True
900679,0,,False
900680,0,,False
900681,0,,False
900682,0,,False
900683,0,,False
900684,0,,False
900685,0,,False
900686,1,confidence_rmse,True
900687,1,confidence_rmse,True
900688,1,confidence_rmse,True
900689,2,water_pct;elevation_m,True
900690,1,elevation_m,True
900691,1,elevation_m,True
900692,5,confidence_rmse;tree_cover_pct;cropland_pct;road_density_km_per_km2;dist_to_nearest_powerplant_km,True
900693,5,tree_cover_pct;cropland_pct;built_up_pct;road_density_km_per_km2;dist_to_nearest_powerplant_km,True
900694,3,tree_cover_pct;cropland_pct;dist_to_nearest_powerplant_km,True
900695,4,tree_cover_pct;cropland_pct;bare_sparse_veg_pct;dist_to_nearest_powerplant_km,True
900696,5,tree_cover_pct;cropland_pct;built_up_pct;road_density_km_per_km2;dist_to_nearest_powerplant_km,True
900697,5,tree_cover_pct;cropland_pct;bare_sparse_veg_pct;road_density_km_per_km2;dist_to_nearest_powerplant_km,True
900698,5,tree_cover_pct;cropland_pct;slope_deg;road_density_km_per_km2;dist_to_nearest_powerplant_km,True
900699,3,cropland_pct;slope_deg;road_density_km_per_km2,True
900700,4,cropland_pct;built_up_pct;bare_sparse_veg_pct;road_density_km_per_km2,True
900701,4,tree_cover_pct;cropland_pct;built_up_pct;road_density_km_per_km2,True
900702,3,cropland_pct;slope_deg;road_density_km_per_km2,True
900703,5,tree_cover_pct;cropland_pct;bare_sparse_veg_pct;slope_deg;road_density_km_per_km2,True
900704,4,cropland_pct;bare_sparse_veg_pct;slope_deg;road_density_km_per_km2,True
900705,4,cropland_pct;built_up_pct;bare_sparse_veg_pct;road_density_km_per_km2,True
900706,1,slope_deg,True
900707,1,confidence_rmse,True
900708,0,,False
900709,0,,False
900710,0,,False
900711,0,,False
900712,1,bare_sparse_veg_pct,True
900713,1,bare_sparse_veg_pct,True
900714,1,slope_deg,True
900715,1,slope_deg,True
900716,2,tree_cover_pct;slope_deg,True
900717,1,slope_deg,True
900718,1,bare_sparse_veg_pct,True
900719,1,bare_sparse_veg_pct,True
900720,0,,False
900721,0,,False
900722,0,,False
900723,0,,False
900724,0,,False
900725,0,,False
900726,0,,False
900727,1,bare_sparse_veg_pct,True
900728,1,bare_sparse_veg_pct,True
900729,0,,False
900730,0,,False
900731,0,,False
900732,0,,False
900733,0,,False
900734,0,,False
900735,0,,False
900736,1,confidence_rmse,True
900737,2,confidence_rmse;water_pct,True
900738,3,confidence_rmse;water_pct;wetland_herbaceous_pct,True
900739,3,confidence_rmse;water_pct;wetland_herbaceous_pct,True
900740,0,,False
900741,1,elevation_m,True
900742,4,confidence_rmse;tree_cover_pct;road_density_km_per_km2;dist_to_nearest_powerplant_km,True
900743,5,tree_cover_pct;cropland_pct;built_up_pct;road_density_km_per_km2;dist_to_nearest_powerplant_km,True
900744,1,dist_to_nearest_powerplant_km,True
900745,1,dist_to_nearest_powerplant_km,True
900746,7,tree_cover_pct;grassland_pct;cropland_pct;built_up_pct;bare_sparse_veg_pct;road_density_km_per_km2;dist_to_nearest_powerplant_km,True
900747,6,tree_cover_pct;cropland_pct;built_up_pct;bare_sparse_veg_pct;road_density_km_per_km2;dist_to_nearest_powerplant_km,True
900748,3,tree_cover_pct;cropland_pct;road_density_km_per_km2,True
900749,4,tree_cover_pct;cropland_pct;slope_deg;road_density_km_per_km2,True
900750,5,tree_cover_pct;cropland_pct;built_up_pct;bare_sparse_veg_pct;road_density_km_per_km2,True
900751,4,cropland_pct;built_up_pct;bare_sparse_veg_pct;road_density_km_per_km2,True
900752,1,cropland_pct,True
900753,5,tree_cover_pct;cropland_pct;built_up_pct;slope_deg;road_density_km_per_km2,True
900754,3,cropland_pct;bare_sparse_veg_pct;road_density_km_per_km2,True
900755,1,bare_sparse_veg_pct,True
900756,2,bare_sparse_veg_pct;road_density_km_per_km2,True
900757,1,road_density_km_per_km2,True
900758,0,,False
900759,0,,False
900760,0,,False
900761,0,,False
900762,1,bare_sparse_veg_pct,True
900763,1,bare_sparse_veg_pct,True
900764,1,slope_deg,True
900765,1,slope_deg,True
900766,1,tree_cover_pct,True
900767,0,,False
900768,1,bare_sparse_veg_pct,True
900769,1,bare_sparse_veg_pct,True
900770,0,,False
900771,0,,False
900772,0,,False
900773,0,,False
900774,0,,False
900775,0,,False
900776,1,bare_sparse_veg_pct,True
900777,0,,False
900778,0,,False
900779,0,,False
900780,0,,False
900781,0,,False
900782,0,,False
900783,0,,False
900784,0,,False
900785,0,,False
900786,0,,False
900787,1,water_pct,True
900788,5,built_up_pct;water_pct;wetland_herbaceous_pct;slope_deg;road_density_km_per_km2,True
900789,4,confidence_rmse;water_pct;wetland_herbaceous_pct;slope_deg,True
900790,1,elevation_m,True
900791,0,,False
900792,2,road_density_km_per_km2;dist_to_nearest_powerplant_km,True
900793,6,confidence_rmse;tree_cover_pct;cropland_pct;built_up_pct;road_density_km_per_km2;dist_to_nearest_powerplant_km,True
900794,2,cropland_pct;dist_to_nearest_powerplant_km,True
900795,1,dist_to_nearest_powerplant_km,True
900796,5,cropland_pct;built_up_pct;bare_sparse_veg_pct;road_density_km_per_km2;dist_to_nearest_powerplant_km,True
900797,5,tree_cover_pct;cropland_pct;built_up_pct;bare_sparse_veg_pct;road_density_km_per_km2,True
900798,2,cropland_pct;road_density_km_per_km2,True
900799,1,cropland_pct,True
900800,3,cropland_pct;bare_sparse_veg_pct;road_density_km_per_km2,True
900801,0,,False
900802,1,cropland_pct,True
900803,1,cropland_pct,True
900804,1,bare_sparse_veg_pct,True
900805,0,,False
900806,0,,False
900807,0,,False
900808,0,,False
900809,0,,False
900810,0,,False
900811,0,,False
900812,0,,False
900813,0,,False
900814,1,slope_deg,True
900815,0,,False
900816,1,bare_sparse_veg_pct,True
900817,1,bare_sparse_veg_pct,True
900818,3,tree_cover_pct;bare_sparse_veg_pct;road_density_km_per_km2,True
900819,2,tree_cover_pct;bare_sparse_veg_pct,True
900820,0,,False
900821,0,,False
900822,0,,False
900823,0,,False
900824,0,,False
900825,1,bare_sparse_veg_pct,True
900826,0,,False
900827,0,,False
900828,0,,False
900829,0,,False
900830,0,,False
900831,0,,False
900832,0,,False
900833,0,,False
900834,0,,False
900835,0,,False
900836,0,,False
900837,2,water_pct;slope_deg,True
900838,3,confidence_rmse;water_pct;slope_deg,True
900839,0,,False
900840,0,,False
900841,0,,False
900842,3,built_up_pct;road_density_km_per_km2;dist_to_nearest_powerplant_km,True
900843,4,confidence_rmse;built_up_pct;road_density_km_per_km2;dist_to_nearest_powerplant_km,True
900844,2,confidence_rmse;dist_to_nearest_powerplant_km,True
900845,1,dist_to_nearest_powerplant_km,True
900846,4,cropland_pct;bare_sparse_veg_pct;road_density_km_per_km2;dist_to_nearest_powerplant_km,True
900847,4,tree_cover_pct;cropland_pct;bare_sparse_veg_pct;road_density_km_per_km2,True
900848,4,cropland_pct;bare_sparse_veg_pct;slope_deg;road_density_km_per_km2,True
900849,1,bare_sparse_veg_pct,True
900850,4,cropland_pct;built_up_pct;bare_sparse_veg_pct;road_density_km_per_km2,True
900851,2,cropland_pct;road_density_km_per_km2,True
900852,0,,False
900853,0,,False
900854,0,,False
900855,3,cropland_pct;built_up_pct;road_density_km_per_km2,True
900856,1,road_density_km_per_km2,True
900857,1,road_density_km_per_km2,True
900858,0,,False
900859,0,,False
900860,0,,False
900861,0,,False
900862,0,,False
900863,1,slope_deg,True
900864,1,slope_deg,True
900865,0,,False
900866,0,,False
900867,0,,False
900868,0,,False
900869,0,,False
900870,0,,False
900871,0,,False
900872,0,,False
900873,0,,False
900874,1,bare_sparse_veg_pct,True
900875,1,bare_sparse_veg_pct,True
900876,0,,False
900877,0,,False
900878,0,,False
900879,0,,False
900880,0,,False
900881,0,,False
900882,0,,False
900883,0,,False
900884,0,,False
900885,0,,False
900886,2,water_pct;slope_deg,True
900887,1,water_pct,True
900888,0,,False
900889,0,,False
900890,0,,False
900891,0,,False
900892,4,cropland_pct;built_up_pct;road_density_km_per_km2;dist_to_nearest_powerplant_km,True
900893,4,cropland_pct;built_up_pct;road_density_km_per_km2;dist_to_nearest_powerplant_km,True
900894,4,tree_cover_pct;cropland_pct;road_density_km_per_km2;dist_to_nearest_powerplant_km,True
900895,4,tree_cover_pct;cropland_pct;road_density_km_per_km2;dist_to_nearest_powerplant_km,True
900896,4,tree_cover_pct;cropland_pct;bare_sparse_veg_pct;road_density_km_per_km2,True
900897,5,tree_cover_pct;cropland_pct;built_up_pct;bare_sparse_veg_pct;road_density_km_per_km2,True
900898,3,tree_cover_pct;cropland_pct;road_density_km_per_km2,True
900899,0,,False
900900,2,cropland_pct;road_density_km_per_km2,True
900901,3,cropland_pct;bare_sparse_veg_pct;road_density_km_per_km2,True
900902,1,bare_sparse_veg_pct,True
900903,0,,False
900904,2,cropland_pct;road_density_km_per_km2,True
900905,2,cropland_pct;bare_sparse_veg_pct,True
900906,0,,False
900907,0,,False
900908,0,,False
900909,0,,False
900910,0,,False
900911,0,,False
900912,0,,False
900913,1,slope_deg,True
900914,1,slope_deg,True
900915,0,,False
900916,0,,False
900917,0,,False
900918,0,,False
900919,0,,False
900920,0,,False
900921,0,,False
900922,0,,False
900923,0,,False
900924,0,,False
900925,0,,False
900926,0,,False
900927,0,,False
900928,0,,False
900929,0,,False
900930,0,,False
900931,0,,False
900932,0,,False
900933,0,,False
900934,0,,False
900935,3,water_pct;slope_deg;road_density_km_per_km2,True
900936,2,water_pct;slope_deg,True
900937,0,,False
900938,0,,False
900939,1,cropland_pct,True
900940,1,cropland_pct,True
900941,0,,False
900942,2,slope_deg;dist_to_nearest_powerplant_km,True
900943,4,tree_cover_pct;cropland_pct;road_density_km_per_km2;dist_to_nearest_powerplant_km,True
900944,4,tree_cover_pct;cropland_pct;road_density_km_per_km2;dist_to_nearest_powerplant_km,True
900945,4,tree_cover_pct;cropland_pct;road_density_km_per_km2;dist_to_nearest_powerplant_km,True
900946,3,tree_cover_pct;cropland_pct;road_density_km_per_km2,True
900947,5,tree_cover_pct;cropland_pct;built_up_pct;bare_sparse_veg_pct;road_density_km_per_km2,True
900948,3,tree_cover_pct;cropland_pct;road_density_km_per_km2,True
900949,0,,False
900950,0,,False
900951,2,cropland_pct;bare_sparse_veg_pct,True
900952,4,tree_cover_pct;cropland_pct;bare_sparse_veg_pct;road_density_km_per_km2,True
900953,5,tree_cover_pct;cropland_pct;built_up_pct;bare_sparse_veg_pct;road_density_km_per_km2,True
900954,2,tree_cover_pct;cropland_pct,True
900955,1,tree_cover_pct,True
900956,0,,False
900957,0,,False
900958,0,,False
900959,0,,False
900960,0,,False
900961,1,slope_deg,True
900962,1,slope_deg,True
900963,1,slope_deg,True
900964,1,slope_deg,True
900965,0,,False
900966,0,,False
900967,0,,False
900968,0,,False
900969,0,,False
900970,0,,False
900971,0,,False
900972,0,,False
900973,0,,False
900974,1,dist_to_nearest_powerplant_km,True
900975,0,,False
900976,0,,False
900977,0,,False
900978,0,,False
900979,0,,False
900980,0,,False
900981,0,,False
900982,0,,False
900983,0,,False
900984,2,water_pct;slope_deg,True
900985,4,built_up_pct;water_pct;slope_deg;road_density_km_per_km2,True
900986,0,,False
900987,0,,False
900988,0,,False
900989,0,,False
900990,0,,False
900991,0,,False
900992,2,slope_deg;dist_to_nearest_powerplant_km,True
900993,2,road_density_km_per_km2;dist_to_nearest_powerplant_km,True
900994,4,tree_cover_pct;cropland_pct;road_density_km_per_km2;dist_to_nearest_powerplant_km,True
900995,5,tree_cover_pct;cropland_pct;slope_deg;road_density_km_per_km2;dist_to_nearest_powerplant_km,True
900996,4,tree_cover_pct;cropland_pct;built_up_pct;road_density_km_per_km2,True
900997,4,tree_cover_pct;cropland_pct;built_up_pct;road_density_km_per_km2,True
900998,3,tree_cover_pct;cropland_pct;road_density_km_per_km2,True
900999,1,cropland_pct,True
901000,1,cropland_pct,True
901001,3,cropland_pct;bare_sparse_veg_pct;road_density_km_per_km2,True
901002,0,,False
901003,1,tree_cover_pct,True
901004,1,tree_cover_pct,True
901005,1,tree_cover_pct,True
901006,0,,False
901007,1,tree_cover_pct,True
901008,0,,False
901009,0,,False
901010,0,,False
901011,1,slope_deg,True
901012,1,slope_deg,True
901013,0,,False
901014,0,,False
901015,0,,False
901016,0,,False
901017,0,,False
901018,0,,False
901019,0,,False
901020,0,,False
901021,0,,False
901022,0,,False
901023,1,tree_cover_pct,True
901024,1,tree_cover_pct,True
901025,2,tree_cover_pct;bare_sparse_veg_pct,True
901026,0,,False
901027,0,,False
901028,0,,False
901029,1,bare_sparse_veg_pct,True
901030,1,bare_sparse_veg_pct,True
901031,1,cropland_pct,True
901032,0,,False
901033,0,,False
901034,1,slope_deg,True
901035,1,slope_deg,True
901036,0,,False
901037,0,,False
901038,0,,False
901039,0,,False
901040,0,,False
901041,0,,False
901042,5,cropland_pct;built_up_pct;slope_deg;road_density_km_per_km2;dist_to_nearest_powerplant_km,True
901043,5,cropland_pct;built_up_pct;slope_deg;road_density_km_per_km2;dist_to_nearest_powerplant_km,True
901044,5,tree_cover_pct;cropland_pct;built_up_pct;road_density_km_per_km2;dist_to_nearest_powerplant_km,True
901045,4,tree_cover_pct;cropland_pct;slope_deg;dist_to_nearest_powerplant_km,True
901046,4,cropland_pct;built_up_pct;slope_deg;road_density_km_per_km2,True
901047,1,cropland_pct,True
901048,3,tree_cover_pct;cropland_pct;road_density_km_per_km2,True
901049,6,tree_cover_pct;cropland_pct;built_up_pct;bare_sparse_veg_pct;slope_deg;road_density_km_per_km2,True
901050,6,tree_cover_pct;cropland_pct;built_up_pct;bare_sparse_veg_pct;slope_deg;road_density_km_per_km2,True
901051,2,cropland_pct;road_density_km_per_km2,True
901052,0,,False
901053,0,,False
901054,1,tree_cover_pct,True
901055,1,tree_cover_pct,True
901056,1,slope_deg,True
901057,0,,False
901058,0,,False
901059,0,,False
901060,0,,False
901061,0,,False
901062,0,,False
901063,1,tree_cover_pct,True
901064,4,tree_cover_pct;grassland_pct;cropland_pct;built_up_pct,True
901065,3,tree_cover_pct;cropland_pct;built_up_pct,True
901066,1,cropland_pct,True
901067,0,,False
901068,0,,False
901069,0,,False
901070,0,,False
901071,0,,False
901072,0,,False
901073,1,road_density_km_per_km2,True
901074,3,tree_cover_pct;built_up_pct;road_density_km_per_km2,True
901075,3,tree_cover_pct;built_up_pct;bare_sparse_veg_pct,True
901076,3,tree_cover_pct;cropland_pct;bare_sparse_veg_pct,True
901077,0,,False
901078,0,,False
901079,0,,False
901080,0,,False
901081,0,,False
901082,0,,False
901083,2,water_pct;road_density_km_per_km2,True
901084,0,,False
901085,1,dist_to_nearest_powerplant_km,True
901086,0,,False
901087,0,,False
901088,0,,False
901089,0,,False
901090,0,,False
901091,0,,False
901092,8,tree_cover_pct;grassland_pct;cropland_pct;built_up_pct;bare_sparse_veg_pct;slope_deg;road_density_km_per_km2;dist_to_nearest_powerplant_km,True
901093,7,tree_cover_pct;cropland_pct;built_up_pct;bare_sparse_veg_pct;slope_deg;road_density_km_per_km2;dist_to_nearest_powerplant_km,True
901094,6,confidence_rmse;tree_cover_pct;cropland_pct;slope_deg;road_density_km_per_km2;dist_to_nearest_powerplant_km,True
901095,2,cropland_pct;dist_to_nearest_powerplant_km,True
901096,2,cropland_pct;slope_deg,True
901097,2,cropland_pct;bare_sparse_veg_pct,True
901098,2,cropland_pct;road_density_km_per_km2,True
901099,3,tree_cover_pct;cropland_pct;road_density_km_per_km2,True
901100,1,cropland_pct,True
901101,0,,False
901102,0,,False
901103,3,cropland_pct;built_up_pct;road_density_km_per_km2,True
901104,1,tree_cover_pct,True
901105,1,tree_cover_pct,True
901106,0,,False
901107,0,,False
901108,0,,False
901109,0,,False
901110,0,,False
901111,1,road_density_km_per_km2,True
901112,2,tree_cover_pct;slope_deg,True
901113,5,tree_cover_pct;cropland_pct;built_up_pct;slope_deg;road_density_km_per_km2,True
901114,3,cropland_pct;slope_deg;road_density_km_per_km2,True
901115,0,,False
901116,0,,False
901117,0,,False
901118,0,,False
901119,0,,False
901120,0,,False
901121,0,,False
901122,0,,False
901123,0,,False
901124,0,,False
901125,4,tree_cover_pct;grassland_pct;built_up_pct;bare_sparse_veg_pct,True
901126,1,tree_cover_pct,True
901127,0,,False
901128,0,,False
901129,1,slope_deg,True
901130,1,slope_deg,True
901131,0,,False
901132,0,,False
901133,2,water_pct;road_density_km_per_km2,True
901134,0,,False
901135,0,,False
901136,0,,False
901137,0,,False
901138,0,,False
901139,0,,False
901140,0,,False
901141,0,,False
901142,8,confidence_rmse;tree_cover_pct;cropland_pct;built_up_pct;bare_sparse_veg_pct;slope_deg;road_density_km_per_km2;dist_to_nearest_powerplant_km,True
901143,7,confidence_rmse;tree_cover_pct;cropland_pct;built_up_pct;slope_deg;road_density_km_per_km2;dist_to_nearest_powerplant_km,True
901144,4,cropland_pct;slope_deg;road_density_km_per_km2;dist_to_nearest_powerplant_km,True
901145,3,tree_cover_pct;cropland_pct;dist_to_nearest_powerplant_km,True
901146,5,tree_cover_pct;cropland_pct;built_up_pct;road_density_km_per_km2;dist_to_nearest_powerplant_km,True
901147,4,cropland_pct;built_up_pct;slope_deg;road_density_km_per_km2,True
901148,3,cropland_pct;built_up_pct;road_density_km_per_km2,True
901149,1,cropland_pct,True
901150,0,,False
901151,0,,False
901152,1,tree_cover_pct,True
901153,0,,False
901154,0,,False
901155,1,tree_cover_pct,True
901156,1,tree_cover_pct,True
901157,0,,False
901158,0,,False
901159,0,,False
901160,0,,False
901161,0,,False
901162,3,tree_cover_pct;built_up_pct;road_density_km_per_km2,True
901163,0,,False
901164,0,,False
901165,0,,False
901166,0,,False
901167,0,,False
901168,0,,False
901169,0,,False
901170,0,,False
901171,0,,False
901172,0,,False
901173,0,,False
901174,0,,False
901175,0,,False
901176,1,tree_cover_pct,True
901177,0,,False
901178,0,,False
901179,2,cropland_pct;slope_deg,True
901180,1,slope_deg,True
901181,0,,False
901182,0,,False
901183,1,water_pct,True
901184,0,,False
901185,1,grassland_pct,True
901186,2,cropland_pct;slope_deg,True
901187,1,cropland_pct,True
901188,0,,False
901189,0,,False
901190,1,bare_sparse_veg_pct,True
901191,0,,False
901192,5,confidence_rmse;cropland_pct;slope_deg;road_density_km_per_km2;dist_to_nearest_powerplant_km,True
901193,7,confidence_rmse;tree_cover_pct;cropland_pct;built_up_pct;slope_deg;road_density_km_per_km2;dist_to_nearest_powerplant_km,True
901194,6,tree_cover_pct;cropland_pct;built_up_pct;slope_deg;road_density_km_per_km2;dist_to_nearest_powerplant_km,True
901195,5,tree_cover_pct;cropland_pct;slope_deg;road_density_km_per_km2;dist_to_nearest_powerplant_km,True
901196,3,cropland_pct;road_density_km_per_km2;dist_to_nearest_powerplant_km,True
901197,5,tree_cover_pct;cropland_pct;built_up_pct;slope_deg;road_density_km_per_km2,True
901198,4,cropland_pct;built_up_pct;slope_deg;road_density_km_per_km2,True
901199,0,,False
901200,0,,False
901201,0,,False
901202,3,tree_cover_pct;cropland_pct;slope_deg,True
901203,0,,False
901204,0,,False
901205,0,,False
901206,0,,False
901207,0,,False
901208,0,,False
901209,0,,False
901210,0,,False
901211,0,,False
901212,3,tree_cover_pct;built_up_pct;road_density_km_per_km2,True
901213,0,,False
901214,0,,False
901215,0,,False
901216,1,road_density_km_per_km2,True
901217,1,road_density_km_per_km2,True
901218,0,,False
901219,0,,False
901220,0,,False
901221,0,,False
901222,0,,False
901223,0,,False
901224,1,bare_sparse_veg_pct,True
901225,0,,False
901226,1,bare_sparse_veg_pct,True
901227,0,,False
901228,0,,False
901229,1,cropland_pct,True
901230,0,,False
901231,0,,False
901232,0,,False
901233,0,,False
901234,0,,False
901235,0,,False
901236,1,grassland_pct,True
901237,0,,False
901238,0,,False
901239,0,,False
901240,0,,False
901241,0,,False
901242,5,confidence_rmse;cropland_pct;built_up_pct;road_density_km_per_km2;dist_to_nearest_powerplant_km,True
901243,6,confidence_rmse;cropland_pct;built_up_pct;slope_deg;road_density_km_per_km2;dist_to_nearest_powerplant_km,True
901244,7,confidence_rmse;tree_cover_pct;cropland_pct;built_up_pct;slope_deg;road_density_km_per_km2;dist_to_nearest_powerplant_km,True
901245,5,cropland_pct;built_up_pct;slope_deg;road_density_km_per_km2;dist_to_nearest_powerplant_km,True
901246,2,slope_deg;dist_to_nearest_powerplant_km,True
901247,2,road_density_km_per_km2;dist_to_nearest_powerplant_km,True
901248,4,cropland_pct;built_up_pct;slope_deg;road_density_km_per_km2,True
901249,2,cropland_pct;road_density_km_per_km2,True
901250,1,road_density_km_per_km2,True
901251,4,cropland_pct;built_up_pct;slope_deg;road_density_km_per_km2,True
901252,3,cropland_pct;built_up_pct;road_density_km_per_km2,True
901253,0,,False
901254,0,,False
901255,4,tree_cover_pct;cropland_pct;built_up_pct;road_density_km_per_km2,True
901256,1,cropland_pct,True
901257,2,cropland_pct;slope_deg,True
901258,3,cropland_pct;built_up_pct;slope_deg,True
901259,1,slope_deg,True
901260,0,,False
901261,0,,False
901262,0,,False
901263,0,,False
901264,0,,False
901265,0,,False
901266,0,,False
901267,1,road_density_km_per_km2,True
901268,0,,False
901269,0,,False
901270,0,,False
901271,1,grassland_pct,True
901272,0,,False
901273,0,,False
901274,0,,False
901275,0,,False
901276,0,,False
901277,0,,False
901278,0,,False
901279,1,grassland_pct,True
901280,0,,False
901281,0,,False
901282,0,,False
901283,0,,False
901284,0,,False
901285,0,,False
901286,1,grassland_pct,True
901287,0,,False
901288,0,,False
901289,0,,False
901290,0,,False
901291,0,,False
901292,5,confidence_rmse;cropland_pct;built_up_pct;road_density_km_per_km2;dist_to_nearest_powerplant_km,True
901293,5,confidence_rmse;built_up_pct;slope_deg;road_density_km_per_km2;dist_to_nearest_powerplant_km,True
901294,6,confidence_rmse;cropland_pct;built_up_pct;slope_deg;road_density_km_per_km2;dist_to_nearest_powerplant_km,True
901295,5,confidence_rmse;cropland_pct;slope_deg;road_density_km_per_km2;dist_to_nearest_powerplant_km,True
901296,4,cropland_pct;slope_deg;road_density_km_per_km2;dist_to_nearest_powerplant_km,True
901297,3,built_up_pct;road_density_km_per_km2;dist_to_nearest_powerplant_km,True
901298,2,road_density_km_per_km2;dist_to_nearest_powerplant_km,True
901299,3,cropland_pct;slope_deg;road_density_km_per_km2,True
901300,3,tree_cover_pct;cropland_pct;road_density_km_per_km2,True
901301,4,tree_cover_pct;cropland_pct;built_up_pct;road_density_km_per_km2,True
901302,1,cropland_pct,True
901303,0,,False
901304,1,cropland_pct,True
901305,2,cropland_pct;built_up_pct,True
901306,4,cropland_pct;built_up_pct;bare_sparse_veg_pct;slope_deg,True
901307,3,cropland_pct;built_up_pct;slope_deg,True
901308,1,slope_deg,True
901309,1,slope_deg,True
901310,0,,False
901311,0,,False
901312,0,,False
901313,0,,False
901314,0,,False
901315,0,,False
901316,0,,False
901317,0,,False
901318,0,,False
901319,0,,False
901320,0,,False
901321,0,,False
901322,0,,False
901323,0,,False
901324,1,slope_deg,True
901325,1,slope_deg,True
901326,0,,False
901327,0,,False
901328,0,,False
901329,4,tree_cover_pct;grassland_pct;cropland_pct;built_up_pct,True
901330,1,grassland_pct,True
901331,0,,False
901332,0,,False
901333,0,,False
901334,0,,False
901335,1,slope_deg,True
901336,0,,False
901337,0,,False
901338,0,,False
901339,0,,False
901340,0,,False
901341,0,,False
901342,3,confidence_rmse;cropland_pct;road_density_km_per_km2,True
901343,3,confidence_rmse;slope_deg;road_density_km_per_km2,True
901344,3,cropland_pct;slope_deg;road_density_km_per_km2,True
901345,1,slope_deg,True
901346,1,slope_deg,True
901347,2,slope_deg;road_density_km_per_km2,True
901348,0,,False
901349,0,,False
901350,0,,False
901351,0,,False
901352,0,,False
901353,0,,False
901354,0,,False
901355,0,,False
901356,0,,False
901357,1,slope_deg,True
901358,1,slope_deg,True
901359,0,,False
901360,1,slope_deg,True
901361,0,,False
901362,0,,False
901363,0,,False
901364,0,,False
901365,0,,False
901366,0,,False
901367,0,,False
901368,0,,False
901369,0,,False
901370,0,,False
901371,0,,False
901372,0,,False
901373,0,,False
901374,0,,False
901375,0,,False
901376,0,,False
901377,0,,False
901378,0,,False
901379,0,,False
901380,0,,False
901381,0,,False
901382,0,,False
901383,0,,False
901384,1,slope_deg,True
901385,0,,False
901386,0,,False
901387,0,,False
901388,0,,False
901389,0,,False
901390,0,,False
901391,0,,False
901392,2,confidence_rmse;road_density_km_per_km2,True
901393,4,confidence_rmse;cropland_pct;slope_deg;road_density_km_per_km2,True
901394,3,cropland_pct;slope_deg;road_density_km_per_km2,True
901395,1,slope_deg,True
901396,1,slope_deg,True
901397,1,slope_deg,True
901398,1,slope_deg,True
901399,0,,False
901400,0,,False
901401,0,,False
901402,0,,False
901403,1,dist_to_nearest_powerplant_km,True
901404,1,dist_to_nearest_powerplant_km,True
901405,0,,False
901406,0,,False
901407,0,,False
901408,0,,False
901409,1,tree_cover_pct,True
901410,1,tree_cover_pct,True
901411,1,tree_cover_pct,True
901412,0,,False
901413,0,,False
901414,2,tree_cover_pct;built_up_pct,True
901415,0,,False
901416,0,,False
901417,0,,False
901418,0,,False
901419,0,,False
901420,0,,False
901421,0,,False
901422,0,,False
901423,0,,False
901424,0,,False
901425,0,,False
901426,0,,False
901427,0,,False
901428,0,,False
901429,0,,False
901430,0,,False
901431,0,,False
901432,0,,False
901433,0,,False
901434,0,,False
901435,0,,False
901436,0,,False
901437,1,grassland_pct,True
901438,0,,False
901439,0,,False
901440,0,,False
901441,0,,False
901442,3,confidence_rmse;cropland_pct;road_density_km_per_km2,True
901443,3,cropland_pct;slope_deg;road_density_km_per_km2,True
901444,2,cropland_pct;slope_deg,True
901445,1,slope_deg,True
901446,1,slope_deg,True
901447,1,slope_deg,True
901448,0,,False
901449,0,,False
901450,0,,False
901451,0,,False
901452,1,dist_to_nearest_powerplant_km,True
901453,0,,False
901454,0,,False
901455,0,,False
901456,0,,False
901457,0,,False
901458,0,,False
901459,1,tree_cover_pct,True
901460,1,tree_cover_pct,True
901461,1,tree_cover_pct,True
901462,0,,False
901463,0,,False
901464,0,,False
901465,0,,False
901466,0,,False
901467,0,,False
901468,0,,False
901469,0,,False
901470,0,,False
901471,0,,False
901472,0,,False
901473,0,,False
901474,0,,False
901475,0,,False
901476,0,,False
901477,0,,False
901478,0,,False
901479,1,road_density_km_per_km2,True
901480,0,,False
901481,0,,False
901482,3,tree_cover_pct;slope_deg;road_density_km_per_km2,True
901483,2,tree_cover_pct;road_density_km_per_km2,True
901484,4,tree_cover_pct;built_up_pct;slope_deg;road_density_km_per_km2,True
901485,0,,False
901486,0,,False
901487,0,,False
901488,1,cropland_pct,True
901489,0,,False
901490,1,slope_deg,True
901491,1,slope_deg,True
901492,1,slope_deg,True
901493,1,slope_deg,True
901494,0,,False
901495,1,tree_cover_pct,True
901496,0,,False
901497,0,,False
901498,0,,False
901499,0,,False
901500,0,,False
901501,0,,False
901502,0,,False
901503,0,,False
901504,0,,False
901505,1,tree_cover_pct,True
901506,1,tree_cover_pct,True
901507,2,tree_cover_pct;slope_deg,True
901508,0,,False
901509,0,,False
901510,0,,False
901511,0,,False
901512,0,,False
901513,0,,False
901514,0,,False
901515,0,,False
901516,0,,False
901517,0,,False
901518,0,,False
901519,0,,False
901520,0,,False
901521,0,,False
901522,0,,False
901523,0,,False
901524,0,,False
901525,2,built_up_pct;road_density_km_per_km2,True
901526,0,,False
901527,1,slope_deg,True
901528,4,tree_cover_pct;cropland_pct;slope_deg;road_density_km_per_km2,True
901529,0,,False
901530,0,,False
901531,0,,False
901532,0,,False
901533,0,,False
901534,0,,False
901535,1,tree_cover_pct,True
901536,1,slope_deg,True
901537,0,,False
901538,1,tree_cover_pct,True
901539,0,,False
901540,0,,False
901541,0,,False
901542,1,dist_to_nearest_powerplant_km,True
901543,0,,False
901544,1,confidence_rmse,True
901545,0,,False
901546,4,tree_cover_pct;cropland_pct;built_up_pct;road_density_km_per_km2,True
901547,0,,False
901548,1,tree_cover_pct,True
901549,1,tree_cover_pct,True
901550,1,tree_cover_pct,True
901551,1,tree_cover_pct,True
901552,0,,False
901553,0,,False
901554,0,,False
901555,0,,False
901556,0,,False
901557,0,,False
901558,0,,False
901559,0,,False
901560,0,,False
901561,0,,False
901562,0,,False
901563,0,,False
901564,0,,False
901565,0,,False
901566,0,,False
901567,0,,False
901568,1,road_density_km_per_km2,True
901569,0,,False
901570,0,,False
901571,0,,False
901572,0,,False
901573,0,,False
901574,0,,False
901575,0,,False
901576,0,,False
901577,0,,False
901578,0,,False
901579,2,tree_cover_pct;slope_deg,True
901580,0,,False
901581,0,,False
901582,1,confidence_rmse,True
901583,0,,False
901584,1,road_density_km_per_km2,True
901585,0,,False
901586,2,cropland_pct;road_density_km_per_km2,True
901587,3,cropland_pct;built_up_pct;road_density_km_per_km2,True
901588,3,cropland_pct;built_up_pct;road_density_km_per_km2,True
901589,0,,False
901590,0,,False
901591,0,,False
901592,0,,False
901593,0,,False
901594,0,,False
901595,1,tree_cover_pct,True
901596,0,,False
901597,0,,False
901598,0,,False
901599,0,,False
901600,0,,False
901601,0,,False
901602,0,,False
901603,0,,False
901604,0,,False
901605,0,,False
901606,0,,False
901607,0,,False
901608,0,,False
901609,0,,False
901610,1,water_pct,True
901611,0,,False
901612,0,,False
901613,4,tree_cover_pct;grassland_pct;cropland_pct;slope_deg,True
901614,1,grassland_pct,True
901615,1,tree_cover_pct,True
901616,1,tree_cover_pct,True
901617,0,,False
901618,0,,False
901619,1,grassland_pct,True
901620,1,grassland_pct,True
901621,5,tree_cover_pct;cropland_pct;built_up_pct;slope_deg;road_density_km_per_km2,True
901622,5,confidence_rmse;cropland_pct;built_up_pct;slope_deg;road_density_km_per_km2,True
901623,2,confidence_rmse;road_density_km_per_km2,True
901624,2,confidence_rmse;road_density_km_per_km2,True
901625,0,,False
901626,1,road_density_km_per_km2,True
901627,5,tree_cover_pct;cropland_pct;built_up_pct;road_density_km_per_km2;dist_to_nearest_powerplant_km,True
901628,5,grassland_pct;cropland_pct;built_up_pct;bare_sparse_veg_pct;road_density_km_per_km2,True
901629,0,,False
901630,0,,False
901631,0,,False
901632,0,,False
901633,0,,False
901634,0,,False
901635,0,,False
901636,0,,False
901637,0,,False
901638,0,,False
901639,0,,False
901640,0,,False
901641,0,,False
901642,0,,False
901643,0,,False
901644,0,,False
901645,0,,False
901646,0,,False
901647,0,,False
901648,0,,False
901649,0,,False
901650,0,,False
901651,0,,False
901652,1,water_pct,True
901653,0,,False
901654,0,,False
901655,4,tree_cover_pct;grassland_pct;cropland_pct;slope_deg,True
901656,3,tree_cover_pct;cropland_pct;slope_deg,True
901657,1,tree_cover_pct,True
901658,1,tree_cover_pct,True
901659,0,,False
901660,0,,False
901661,0,,False
901662,1,grassland_pct,True
901663,5,tree_cover_pct;cropland_pct;built_up_pct;slope_deg;road_density_km_per_km2,True
901664,5,tree_cover_pct;cropland_pct;built_up_pct;slope_deg;road_density_km_per_km2,True
901665,6,confidence_rmse;tree_cover_pct;built_up_pct;bare_sparse_veg_pct;slope_deg;road_density_km_per_km2,True
901666,2,confidence_rmse;slope_deg,True
901667,1,confidence_rmse,True
901668,2,confidence_rmse;road_density_km_per_km2,True
901669,3,confidence_rmse;cropland_pct;road_density_km_per_km2,True
901670,6,tree_cover_pct;cropland_pct;built_up_pct;bare_sparse_veg_pct;road_density_km_per_km2;dist_to_nearest_powerplant_km,True
901671,2,cropland_pct;road_density_km_per_km2,True
901672,0,,False
901673,0,,False
901674,0,,False
901675,0,,False
901676,0,,False
901677,1,tree_cover_pct,True
901678,0,,False
901679,0,,False
901680,0,,False
901681,0,,False
901682,0,,False
901683,0,,False
901684,0,,False
901685,0,,False
901686,0,,False
901687,0,,False
901688,2,tree_cover_pct;road_density_km_per_km2,True
901689,0,,False
901690,1,bare_sparse_veg_pct,True
901691,0,,False
901692,0,,False
901693,0,,False
901694,0,,False
901695,2,water_pct;road_density_km_per_km2,True
901696,0,,False
901697,0,,False
901698,1,slope_deg,True
901699,0,,False
901700,1,slope_deg,True
901701,2,tree_cover_pct;slope_deg,True
901702,0,,False
901703,0,,False
901704,0,,False
901705,0,,False
901706,4,tree_cover_pct;cropland_pct;built_up_pct;road_density_km_per_km2,True
901707,6,confidence_rmse;tree_cover_pct;built_up_pct;bare_sparse_veg_pct;slope_deg;road_density_km_per_km2,True
901708,5,confidence_rmse;built_up_pct;bare_sparse_veg_pct;slope_deg;road_density_km_per_km2,True
901709,2,confidence_rmse;slope_deg,True
901710,3,confidence_rmse;slope_deg;road_density_km_per_km2,True
901711,3,confidence_rmse;built_up_pct;road_density_km_per_km2,True
901712,5,confidence_rmse;tree_cover_pct;cropland_pct;built_up_pct;road_density_km_per_km2,True
901713,4,cropland_pct;built_up_pct;road_density_km_per_km2;dist_to_nearest_powerplant_km,True
901714,0,,False
901715,0,,False
901716,0,,False
901717,0,,False
901718,1,tree_cover_pct,True
901719,1,tree_cover_pct,True
901720,1,tree_cover_pct,True
901721,1,tree_cover_pct,True
901722,0,,False
901723,0,,False
901724,0,,False
901725,0,,False
901726,0,,False
901727,0,,False
901728,0,,False
901729,0,,False
901730,0,,False
901731,0,,False
901732,0,,False
901733,0,,False
901734,0,,False
901735,0,,False
901736,0,,False
901737,2,water_pct;slope_deg,True
901738,4,built_up_pct;water_pct;slope_deg;road_density_km_per_km2,True
901739,1,slope_deg,True
901740,0,,False
901741,0,,False
901742,0,,False
901743,1,slope_deg,True
901744,2,tree_cover_pct;slope_deg,True
901745,0,,False
901746,0,,False
901747,0,,False
901748,1,slope_deg,True
901749,5,confidence_rmse;tree_cover_pct;cropland_pct;built_up_pct;road_density_km_per_km2,True
901750,5,confidence_rmse;tree_cover_pct;built_up_pct;bare_sparse_veg_pct;road_density_km_per_km2,True
901751,5,confidence_rmse;built_up_pct;bare_sparse_veg_pct;slope_deg;road_density_km_per_km2,True
901752,3,confidence_rmse;slope_deg;road_density_km_per_km2,True
901753,5,confidence_rmse;cropland_pct;built_up_pct;slope_deg;road_density_km_per_km2,True
901754,0,,False
901755,1,confidence_rmse,True
901756,5,confidence_rmse;cropland_pct;bare_sparse_veg_pct;road_density_km_per_km2;dist_to_nearest_powerplant_km,True
901757,2,cropland_pct;road_density_km_per_km2,True
901758,2,cropland_pct;road_density_km_per_km2,True
901759,1,road_density_km_per_km2,True
901760,5,confidence_rmse;cropland_pct;built_up_pct;slope_deg;road_density_km_per_km2,True
901761,4,tree_cover_pct;cropland_pct;built_up_pct;road_density_km_per_km2,True
901762,4,tree_cover_pct;cropland_pct;built_up_pct;road_density_km_per_km2,True
901763,2,tree_cover_pct;grassland_pct,True
901764,2,tree_cover_pct;grassland_pct,True
901765,0,,False
901766,0,,False
901767,1,tree_cover_pct,True
901768,0,,False
901769,0,,False
901770,0,,False
901771,0,,False
901772,1,tree_cover_pct,True
901773,0,,False
901774,0,,False
901775,1,slope_deg,True
901776,1,slope_deg,True
901777,2,tree_cover_pct;slope_deg,True
901778,0,,False
901779,1,road_density_km_per_km2,True
901780,4,built_up_pct;water_pct;slope_deg;road_density_km_per_km2,True
901781,3,built_up_pct;slope_deg;road_density_km_per_km2,True
901782,1,slope_deg,True
901783,1,slope_deg,True
901784,0,,False
901785,0,,False
901786,0,,False
901787,2,tree_cover_pct;slope_deg,True
901788,0,,False
901789,1,slope_deg,True
901790,1,slope_deg,True
901791,1,slope_deg,True
901792,4,tree_cover_pct;cropland_pct;built_up_pct;road_density_km_per_km2,True
901793,4,tree_cover_pct;cropland_pct;built_up_pct;road_density_km_per_km2,True
901794,4,tree_cover_pct;cropland_pct;built_up_pct;road_density_km_per_km2,True
901795,2,confidence_rmse;slope_deg,True
901796,2,confidence_rmse;slope_deg,True
901797,6,confidence_rmse;tree_cover_pct;cropland_pct;built_up_pct;slope_deg;road_density_km_per_km2,True
901798,2,confidence_rmse;slope_deg,True
901799,1,confidence_rmse,True
901800,7,confidence_rmse;cropland_pct;built_up_pct;bare_sparse_veg_pct;slope_deg;road_density_km_per_km2;dist_to_nearest_powerplant_km,True
901801,7,tree_cover_pct;cropland_pct;built_up_pct;bare_sparse_veg_pct;slope_deg;road_density_km_per_km2;dist_to_nearest_powerplant_km,True
901802,2,cropland_pct;road_density_km_per_km2,True
901803,1,road_density_km_per_km2,True
901804,3,built_up_pct;slope_deg;road_density_km_per_km2,True
901805,4,cropland_pct;built_up_pct;slope_deg;road_density_km_per_km2,True
901806,1,slope_deg,True
901807,1,tree_cover_pct,True
901808,0,,False
901809,0,,False
901810,1,tree_cover_pct,True
901811,1,tree_cover_pct,True
901812,0,,False
901813,0,,False
901814,0,,False
901815,0,,False
901816,1,tree_cover_pct,True
901817,1,tree_cover_pct,True
901818,0,,False
901819,1,slope_deg,True
901820,0,,False
901821,0,,False
901822,0,,False
901823,4,cropland_pct;built_up_pct;slope_deg;road_density_km_per_km2,True
901824,5,tree_cover_pct;built_up_pct;water_pct;slope_deg;road_density_km_per_km2,True
901825,1,slope_deg,True
901826,1,slope_deg,True
901827,1,slope_deg,True
901828,1,slope_deg,True
901829,1,slope_deg,True
901830,0,,False
901831,1,grassland_pct,True
901832,2,tree_cover_pct;grassland_pct,True
901833,2,tree_cover_pct;grassland_pct,True
901834,2,grassland_pct;slope_deg,True
901835,3,grassland_pct;built_up_pct;slope_deg,True
901836,5,confidence_rmse;tree_cover_pct;cropland_pct;built_up_pct;road_density_km_per_km2,True
901837,3,confidence_rmse;tree_cover_pct;cropland_pct,True
901838,3,confidence_rmse;cropland_pct;road_density_km_per_km2,True
901839,2,confidence_rmse;slope_deg,True
901840,2,confidence_rmse;slope_deg,True
901841,5,tree_cover_pct;cropland_pct;built_up_pct;slope_deg;road_density_km_per_km2,True
901842,3,confidence_rmse;cropland_pct;slope_deg,True
901843,2,cropland_pct;bare_sparse_veg_pct,True
901844,7,confidence_rmse;tree_cover_pct;cropland_pct;built_up_pct;bare_sparse_veg_pct;road_density_km_per_km2;dist_to_nearest_powerplant_km,True
901845,6,confidence_rmse;cropland_pct;bare_sparse_veg_pct;slope_deg;road_density_km_per_km2;dist_to_nearest_powerplant_km,True
901846,2,cropland_pct;slope_deg,True
901847,3,built_up_pct;slope_deg;road_density_km_per_km2,True
901848,3,built_up_pct;slope_deg;road_density_km_per_km2,True
901849,2,slope_deg;road_density_km_per_km2,True
901850,1,confidence_rmse,True
901851,0,,False
901852,0,,False
901853,1,tree_cover_pct,True
901854,1,tree_cover_pct,True
901855,0,,False
901856,0,,False
901857,0,,False
901858,0,,False
901859,0,,False
901860,0,,False
901861,0,,False
901862,0,,False
901863,0,,False
901864,0,,False
901865,1,slope_deg,True
901866,1,slope_deg,True
901867,3,built_up_pct;slope_deg;road_density_km_per_km2,True
901868,5,tree_cover_pct;built_up_pct;water_pct;slope_deg;road_density_km_per_km2,True
901869,2,water_pct;slope_deg,True
901870,1,slope_deg,True
901871,1,slope_deg,True
901872,1,slope_deg,True
901873,2,tree_cover_pct;slope_deg,True
901874,1,slope_deg,True
901875,1,grassland_pct,True
901876,2,grassland_pct;dist_to_nearest_powerplant_km,True
901877,2,tree_cover_pct;grassland_pct,True
901878,3,grassland_pct;built_up_pct;slope_deg,True
901879,2,grassland_pct;slope_deg,True
901880,4,confidence_rmse;cropland_pct;built_up_pct;road_density_km_per_km2,True
901881,1,confidence_rmse,True
901882,3,confidence_rmse;cropland_pct;road_density_km_per_km2,True
901883,6,confidence_rmse;tree_cover_pct;cropland_pct;built_up_pct;slope_deg;road_density_km_per_km2,True
901884,4,tree_cover_pct;cropland_pct;slope_deg;road_density_km_per_km2,True
901885,6,confidence_rmse;tree_cover_pct;cropland_pct;built_up_pct;slope_deg;road_density_km_per_km2,True
901886,2,confidence_rmse;slope_deg,True
901887,4,confidence_rmse;cropland_pct;slope_deg;dist_to_nearest_powerplant_km,True
901888,7,confidence_rmse;tree_cover_pct;cropland_pct;built_up_pct;bare_sparse_veg_pct;road_density_km_per_km2;dist_to_nearest_powerplant_km,True
901889,3,cropland_pct;bare_sparse_veg_pct;road_density_km_per_km2,True
901890,2,cropland_pct;slope_deg,True
901891,3,built_up_pct;slope_deg;road_density_km_per_km2,True
901892,2,slope_deg;road_density_km_per_km2,True
901893,5,cropland_pct;built_up_pct;bare_sparse_veg_pct;slope_deg;road_density_km_per_km2,True
901894,0,,False
901895,1,slope_deg,True
901896,1,slope_deg,True
901897,1,slope_deg,True
901898,0,,False
901899,0,,False
901900,0,,False
901901,0,,False
901902,1,tree_cover_pct,True
901903,0,,False
901904,0,,False
901905,0,,False
901906,0,,False
901907,1,slope_deg,True
901908,1,slope_deg,True
901909,1,slope_deg,True
901910,5,cropland_pct;built_up_pct;slope_deg;road_density_km_per_km2;dist_to_nearest_powerplant_km,True
901911,5,tree_cover_pct;cropland_pct;built_up_pct;slope_deg;road_density_km_per_km2,True
901912,4,tree_cover_pct;built_up_pct;slope_deg;road_density_km_per_km2,True
901913,2,slope_deg;road_density_km_per_km2,True
901914,1,slope_deg,True
901915,1,slope_deg,True
901916,0,,False
901917,0,,False
901918,2,grassland_pct;slope_deg,True
901919,3,grassland_pct;slope_deg;dist_to_nearest_powerplant_km,True
901920,3,tree_cover_pct;slope_deg;dist_to_nearest_powerplant_km,True
901921,4,tree_cover_pct;grassland_pct;slope_deg;dist_to_nearest_powerplant_km,True
901922,3,grassland_pct;slope_deg;dist_to_nearest_powerplant_km,True
901923,2,grassland_pct;slope_deg,True
901924,4,confidence_rmse;cropland_pct;built_up_pct;road_density_km_per_km2,True
901925,4,confidence_rmse;cropland_pct;built_up_pct;road_density_km_per_km2,True
901926,5,confidence_rmse;tree_cover_pct;cropland_pct;built_up_pct;road_density_km_per_km2,True
901927,2,confidence_rmse;slope_deg,True
901928,1,slope_deg,True
901929,4,tree_cover_pct;built_up_pct;slope_deg;road_density_km_per_km2,True
901930,5,confidence_rmse;cropland_pct;slope_deg;road_density_km_per_km2;dist_to_nearest_powerplant_km,True
901931,5,confidence_rmse;cropland_pct;slope_deg;road_density_km_per_km2;dist_to_nearest_powerplant_km,True
901932,7,confidence_rmse;tree_cover_pct;cropland_pct;bare_sparse_veg_pct;slope_deg;road_density_km_per_km2;dist_to_nearest_powerplant_km,True
901933,5,tree_cover_pct;cropland_pct;built_up_pct;bare_sparse_veg_pct;road_density_km_per_km2,True
901934,6,tree_cover_pct;cropland_pct;built_up_pct;bare_sparse_veg_pct;slope_deg;road_density_km_per_km2,True
901935,4,cropland_pct;built_up_pct;slope_deg;road_density_km_per_km2,True
901936,2,cropland_pct;road_density_km_per_km2,True
901937,3,cropland_pct;bare_sparse_veg_pct;road_density_km_per_km2,True
901938,0,,False
901939,0,,False
901940,0,,False
901941,0,,False
901942,0,,False
901943,0,,False
901944,1,road_density_km_per_km2,True
901945,2,slope_deg;road_density_km_per_km2,True
901946,2,tree_cover_pct;slope_deg,True
901947,0,,False
901948,0,,False
901949,1,road_density_km_per_km2,True
901950,0,,False
901951,0,,False
901952,0,,False
901953,4,cropland_pct;built_up_pct;road_density_km_per_km2;dist_to_nearest_powerplant_km,True
901954,4,cropland_pct;built_up_pct;road_density_km_per_km2;dist_to_nearest_powerplant_km,True
901955,7,tree_cover_pct;cropland_pct;built_up_pct;bare_sparse_veg_pct;slope_deg;road_density_km_per_km2;dist_to_nearest_powerplant_km,True
901956,5,tree_cover_pct;cropland_pct;slope_deg;road_density_km_per_km2;dist_to_nearest_powerplant_km,True
901957,3,tree_cover_pct;slope_deg;dist_to_nearest_powerplant_km,True
901958,1,slope_deg,True
901959,2,slope_deg;dist_to_nearest_powerplant_km,True
901960,2,slope_deg;dist_to_nearest_powerplant_km,True
901961,2,slope_deg;dist_to_nearest_powerplant_km,True
901962,3,grassland_pct;slope_deg;dist_to_nearest_powerplant_km,True
901963,4,tree_cover_pct;grassland_pct;slope_deg;dist_to_nearest_powerplant_km,True
901964,4,tree_cover_pct;grassland_pct;slope_deg;dist_to_nearest_powerplant_km,True
901965,4,tree_cover_pct;grassland_pct;slope_deg;dist_to_nearest_powerplant_km,True
901966,3,grassland_pct;slope_deg;dist_to_nearest_powerplant_km,True
901967,2,slope_deg;dist_to_nearest_powerplant_km,True
901968,5,confidence_rmse;tree_cover_pct;cropland_pct;built_up_pct;road_density_km_per_km2,True
901969,5,confidence_rmse;tree_cover_pct;cropland_pct;built_up_pct;road_density_km_per_km2,True
901970,5,confidence_rmse;tree_cover_pct;cropland_pct;built_up_pct;road_density_km_per_km2,True
901971,2,confidence_rmse;slope_deg,True
901972,1,slope_deg,True
901973,4,built_up_pct;slope_deg;road_density_km_per_km2;dist_to_nearest_powerplant_km,True
901974,4,confidence_rmse;cropland_pct;slope_deg;dist_to_nearest_powerplant_km,True
901975,4,cropland_pct;slope_deg;road_density_km_per_km2;dist_to_nearest_powerplant_km,True
901976,5,cropland_pct;bare_sparse_veg_pct;slope_deg;road_density_km_per_km2;dist_to_nearest_powerplant_km,True
901977,6,tree_cover_pct;cropland_pct;built_up_pct;bare_sparse_veg_pct;slope_deg;road_density_km_per_km2,True
901978,3,cropland_pct;built_up_pct;road_density_km_per_km2,True
901979,5,tree_cover_pct;cropland_pct;built_up_pct;slope_deg;road_density_km_per_km2,True
901980,2,tree_cover_pct;cropland_pct,True
901981,0,,False
901982,0,,False
901983,2,tree_cover_pct;industrial_landuse_fraction,True
901984,0,,False
901985,0,,False
901986,0,,False
901987,0,,False
901988,1,road_density_km_per_km2,True
901989,1,road_density_km_per_km2,True
901990,0,,False
901991,0,,False
901992,0,,False
901993,0,,False
901994,0,,False
901995,2,road_density_km_per_km2;dist_to_nearest_powerplant_km,True
901996,3,cropland_pct;road_density_km_per_km2;dist_to_nearest_powerplant_km,True
901997,4,cropland_pct;built_up_pct;road_density_km_per_km2;dist_to_nearest_powerplant_km,True
901998,5,cropland_pct;built_up_pct;slope_deg;road_density_km_per_km2;dist_to_nearest_powerplant_km,True
901999,7,tree_cover_pct;cropland_pct;built_up_pct;bare_sparse_veg_pct;slope_deg;road_density_km_per_km2;dist_to_nearest_powerplant_km,True
902000,5,tree_cover_pct;cropland_pct;slope_deg;road_density_km_per_km2;dist_to_nearest_powerplant_km,True
902001,3,tree_cover_pct;slope_deg;dist_to_nearest_powerplant_km,True
902002,2,slope_deg;dist_to_nearest_powerplant_km,True
902003,3,grassland_pct;slope_deg;dist_to_nearest_powerplant_km,True
902004,4,tree_cover_pct;grassland_pct;slope_deg;dist_to_nearest_powerplant_km,True
902005,4,tree_cover_pct;grassland_pct;slope_deg;dist_to_nearest_powerplant_km,True
902006,3,tree_cover_pct;slope_deg;dist_to_nearest_powerplant_km,True
902007,5,tree_cover_pct;cropland_pct;slope_deg;road_density_km_per_km2;dist_to_nearest_powerplant_km,True
902008,5,tree_cover_pct;built_up_pct;slope_deg;road_density_km_per_km2;dist_to_nearest_powerplant_km,True
902009,6,tree_cover_pct;grassland_pct;built_up_pct;slope_deg;road_density_km_per_km2;dist_to_nearest_powerplant_km,True
902010,4,tree_cover_pct;slope_deg;road_density_km_per_km2;dist_to_nearest_powerplant_km,True
902011,2,slope_deg;dist_to_nearest_powerplant_km,True
902012,4,confidence_rmse;cropland_pct;built_up_pct;road_density_km_per_km2,True
902013,3,confidence_rmse;built_up_pct;road_density_km_per_km2,True
902014,4,confidence_rmse;slope_deg;road_density_km_per_km2;dist_to_nearest_powerplant_km,True
902015,3,confidence_rmse;slope_deg;dist_to_nearest_powerplant_km,True
902016,4,confidence_rmse;cropland_pct;road_density_km_per_km2;dist_to_nearest_powerplant_km,True
902017,2,bare_sparse_veg_pct;dist_to_nearest_powerplant_km,True
902018,3,bare_sparse_veg_pct;slope_deg;dist_to_nearest_powerplant_km,True
902019,5,cropland_pct;bare_sparse_veg_pct;slope_deg;road_density_km_per_km2;dist_to_nearest_powerplant_km,True
902020,4,cropland_pct;bare_sparse_veg_pct;slope_deg;road_density_km_per_km2,True
902021,0,,False
902022,2,cropland_pct;road_density_km_per_km2,True
902023,3,tree_cover_pct;cropland_pct;slope_deg,True
902024,0,,False
902025,0,,False
902026,0,,False
902027,0,,False
902028,0,,False
902029,1,tree_cover_pct,True
902030,1,slope_deg,True
902031,0,,False
902032,0,,False
902033,0,,False
902034,0,,False
902035,0,,False
902036,0,,False
902037,3,slope_deg;road_density_km_per_km2;dist_to_nearest_powerplant_km,True
902038,2,slope_deg;dist_to_nearest_powerplant_km,True
902039,3,slope_deg;road_density_km_per_km2;dist_to_nearest_powerplant_km,True
902040,6,tree_cover_pct;cropland_pct;built_up_pct;slope_deg;road_density_km_per_km2;dist_to_nearest_powerplant_km,True
902041,3,built_up_pct;road_density_km_per_km2;dist_to_nearest_powerplant_km,True
902042,3,cropland_pct;slope_deg;dist_to_nearest_powerplant_km,True
902043,5,tree_cover_pct;cropland_pct;built_up_pct;slope_deg;dist_to_nearest_powerplant_km,True
902044,5,tree_cover_pct;cropland_pct;slope_deg;road_density_km_per_km2;dist_to_nearest_powerplant_km,True
902045,2,slope_deg;dist_to_nearest_powerplant_km,True
902046,4,tree_cover_pct;grassland_pct;slope_deg;dist_to_nearest_powerplant_km,True
902047,4,tree_cover_pct;grassland_pct;slope_deg;dist_to_nearest_powerplant_km,True
902048,3,tree_cover_pct;grassland_pct;dist_to_nearest_powerplant_km,True
902049,6,tree_cover_pct;grassland_pct;built_up_pct;slope_deg;road_density_km_per_km2;dist_to_nearest_powerplant_km,True
902050,4,tree_cover_pct;slope_deg;road_density_km_per_km2;dist_to_nearest_powerplant_km,True
902051,4,tree_cover_pct;slope_deg;road_density_km_per_km2;dist_to_nearest_powerplant_km,True
902052,6,tree_cover_pct;grassland_pct;built_up_pct;slope_deg;road_density_km_per_km2;dist_to_nearest_powerplant_km,True
902053,6,tree_cover_pct;cropland_pct;built_up_pct;slope_deg;road_density_km_per_km2;dist_to_nearest_powerplant_km,True
902054,3,slope_deg;road_density_km_per_km2;dist_to_nearest_powerplant_km,True
902055,1,dist_to_nearest_powerplant_km,True
902056,3,built_up_pct;bare_sparse_veg_pct;dist_to_nearest_powerplant_km,True
902057,3,bare_sparse_veg_pct;slope_deg;dist_to_nearest_powerplant_km,True
902058,1,dist_to_nearest_powerplant_km,True
902059,5,cropland_pct;built_up_pct;slope_deg;road_density_km_per_km2;dist_to_nearest_powerplant_km,True
902060,2,slope_deg;dist_to_nearest_powerplant_km,True
902061,2,slope_deg;dist_to_nearest_powerplant_km,True
902062,5,cropland_pct;bare_sparse_veg_pct;slope_deg;road_density_km_per_km2;dist_to_nearest_powerplant_km,True
902063,3,cropland_pct;bare_sparse_veg_pct;slope_deg,True
902064,1,slope_deg,True
902065,0,,False
902066,2,cropland_pct;road_density_km_per_km2,True
902067,0,,False
902068,0,,False
902069,0,,False
902070,0,,False
902071,2,tree_cover_pct;bare_sparse_veg_pct,True
902072,1,bare_sparse_veg_pct,True
902073,0,,False
902074,0,,False
902075,0,,False
902076,0,,False
902077,0,,False
902078,0,,False
902079,1,dist_to_nearest_powerplant_km,True
902080,1,dist_to_nearest_powerplant_km,True
902081,3,slope_deg;road_density_km_per_km2;dist_to_nearest_powerplant_km,True
902082,4,cropland_pct;slope_deg;road_density_km_per_km2;dist_to_nearest_powerplant_km,True
902083,5,cropland_pct;built_up_pct;bare_sparse_veg_pct;road_density_km_per_km2;dist_to_nearest_powerplant_km,True
902084,3,built_up_pct;road_density_km_per_km2;dist_to_nearest_powerplant_km,True
902085,2,road_density_km_per_km2;dist_to_nearest_powerplant_km,True
902086,6,tree_cover_pct;cropland_pct;bare_sparse_veg_pct;slope_deg;road_density_km_per_km2;dist_to_nearest_powerplant_km,True
902087,7,tree_cover_pct;cropland_pct;built_up_pct;bare_sparse_veg_pct;slope_deg;road_density_km_per_km2;dist_to_nearest_powerplant_km,True
902088,6,tree_cover_pct;cropland_pct;built_up_pct;slope_deg;road_density_km_per_km2;dist_to_nearest_powerplant_km,True
902089,5,tree_cover_pct;grassland_pct;built_up_pct;slope_deg;dist_to_nearest_powerplant_km,True
902090,4,tree_cover_pct;grassland_pct;slope_deg;dist_to_nearest_powerplant_km,True
902091,3,tree_cover_pct;grassland_pct;dist_to_nearest_powerplant_km,True
902092,5,tree_cover_pct;grassland_pct;built_up_pct;road_density_km_per_km2;dist_to_nearest_powerplant_km,True
902093,4,tree_cover_pct;slope_deg;road_density_km_per_km2;dist_to_nearest_powerplant_km,True
902094,4,tree_cover_pct;slope_deg;road_density_km_per_km2;dist_to_nearest_powerplant_km,True
902095,5,tree_cover_pct;built_up_pct;slope_deg;road_density_km_per_km2;dist_to_nearest_powerplant_km,True
902096,6,tree_cover_pct;cropland_pct;built_up_pct;slope_deg;road_density_km_per_km2;dist_to_nearest_powerplant_km,True
902097,5,cropland_pct;built_up_pct;slope_deg;road_density_km_per_km2;dist_to_nearest_powerplant_km,True
902098,1,dist_to_nearest_powerplant_km,True
902099,4,confidence_rmse;built_up_pct;bare_sparse_veg_pct;dist_to_nearest_powerplant_km,True
902100,3,built_up_pct;road_density_km_per_km2;dist_to_nearest_powerplant_km,True
902101,3,built_up_pct;road_density_km_per_km2;dist_to_nearest_powerplant_km,True
902102,3,built_up_pct;road_density_km_per_km2;dist_to_nearest_powerplant_km,True
902103,2,road_density_km_per_km2;dist_to_nearest_powerplant_km,True
902104,2,slope_deg;dist_to_nearest_powerplant_km,True
902105,3,confidence_rmse;slope_deg;dist_to_nearest_powerplant_km,True
902106,4,cropland_pct;slope_deg;road_density_km_per_km2;dist_to_nearest_powerplant_km,True
902107,2,cropland_pct;slope_deg,True
902108,1,slope_deg,True
902109,3,cropland_pct;built_up_pct;road_density_km_per_km2,True
902110,0,,False
902111,1,road_density_km_per_km2,True
902112,0,,False
902113,0,,False
902114,1,bare_sparse_veg_pct,True
902115,1,bare_sparse_veg_pct,True
902116,0,,False
902117,0,,False
902118,0,,False
902119,2,slope_deg;road_density_km_per_km2,True
902120,0,,False
902121,0,,False
902122,1,dist_to_nearest_powerplant_km,True
902123,1,dist_to_nearest_powerplant_km,True
902124,2,slope_deg;dist_to_nearest_powerplant_km,True
902125,5,tree_cover_pct;cropland_pct;slope_deg;road_density_km_per_km2;dist_to_nearest_powerplant_km,True
902126,4,cropland_pct;slope_deg;road_density_km_per_km2;dist_to_nearest_powerplant_km,True
902127,3,built_up_pct;road_density_km_per_km2;dist_to_nearest_powerplant_km,True
902128,3,built_up_pct;road_density_km_per_km2;dist_to_nearest_powerplant_km,True
902129,6,tree_cover_pct;cropland_pct;built_up_pct;slope_deg;road_density_km_per_km2;dist_to_nearest_powerplant_km,True
902130,6,tree_cover_pct;cropland_pct;bare_sparse_veg_pct;slope_deg;road_density_km_per_km2;dist_to_nearest_powerplant_km,True
902131,5,tree_cover_pct;cropland_pct;slope_deg;road_density_km_per_km2;dist_to_nearest_powerplant_km,True
902132,3,tree_cover_pct;grassland_pct;dist_to_nearest_powerplant_km,True
902133,1,dist_to_nearest_powerplant_km,True
902134,2,tree_cover_pct;dist_to_nearest_powerplant_km,True
902135,3,tree_cover_pct;cropland_pct;dist_to_nearest_powerplant_km,True
902136,5,tree_cover_pct;cropland_pct;slope_deg;road_density_km_per_km2;dist_to_nearest_powerplant_km,True
902137,4,cropland_pct;slope_deg;road_density_km_per_km2;dist_to_nearest_powerplant_km,True
902138,4,cropland_pct;slope_deg;road_density_km_per_km2;dist_to_nearest_powerplant_km,True
902139,4,cropland_pct;slope_deg;road_density_km_per_km2;dist_to_nearest_powerplant_km,True
902140,5,built_up_pct;bare_sparse_veg_pct;slope_deg;road_density_km_per_km2;dist_to_nearest_powerplant_km,True
902141,4,cropland_pct;built_up_pct;road_density_km_per_km2;dist_to_nearest_powerplant_km,True
902142,2,built_up_pct;dist_to_nearest_powerplant_km,True
902143,3,built_up_pct;industrial_landuse_fraction;dist_to_nearest_powerplant_km,True
902144,4,built_up_pct;road_density_km_per_km2;industrial_landuse_fraction;dist_to_nearest_powerplant_km,True
902145,1,dist_to_nearest_powerplant_km,True
902146,1,dist_to_nearest_powerplant_km,True
902147,1,dist_to_nearest_powerplant_km,True
902148,1,dist_to_nearest_powerplant_km,True
902149,2,confidence_rmse;dist_to_nearest_powerplant_km,True
902150,4,cropland_pct;bare_sparse_veg_pct;slope_deg;road_density_km_per_km2,True
902151,4,cropland_pct;bare_sparse_veg_pct;slope_deg;road_density_km_per_km2,True
902152,3,cropland_pct;built_up_pct;road_density_km_per_km2,True
902153,3,cropland_pct;built_up_pct;road_density_km_per_km2,True
902154,3,cropland_pct;bare_sparse_veg_pct;slope_deg,True
902155,1,slope_deg,True
902156,0,,False
902157,0,,False
902158,0,,False
902159,0,,False
902160,0,,False
902161,0,,False
902162,0,,False
902163,0,,False
902164,0,,False
902165,3,tree_cover_pct;road_density_km_per_km2;dist_to_nearest_powerplant_km,True
902166,4,tree_cover_pct;cropland_pct;road_density_km_per_km2;dist_to_nearest_powerplant_km,True
902167,2,slope_deg;dist_to_nearest_powerplant_km,True
902168,2,slope_deg;dist_to_nearest_powerplant_km,True
902169,4,cropland_pct;slope_deg;road_density_km_per_km2;dist_to_nearest_powerplant_km,True
902170,4,cropland_pct;slope_deg;road_density_km_per_km2;dist_to_nearest_powerplant_km,True
902171,3,built_up_pct;road_density_km_per_km2;dist_to_nearest_powerplant_km,True
902172,3,built_up_pct;road_density_km_per_km2;dist_to_nearest_powerplant_km,True
902173,5,cropland_pct;built_up_pct;slope_deg;road_density_km_per_km2;dist_to_nearest_powerplant_km,True
902174,3,cropland_pct;slope_deg;dist_to_nearest_powerplant_km,True
902175,2,tree_cover_pct;dist_to_nearest_powerplant_km,True
902176,1,dist_to_nearest_powerplant_km,True
902177,4,tree_cover_pct;cropland_pct;slope_deg;dist_to_nearest_powerplant_km,True
902178,5,tree_cover_pct;cropland_pct;built_up_pct;road_density_km_per_km2;dist_to_nearest_powerplant_km,True
902179,6,tree_cover_pct;cropland_pct;built_up_pct;slope_deg;road_density_km_per_km2;dist_to_nearest_powerplant_km,True
902180,5,cropland_pct;built_up_pct;slope_deg;road_density_km_per_km2;dist_to_nearest_powerplant_km,True
902181,5,cropland_pct;bare_sparse_veg_pct;slope_deg;road_density_km_per_km2;dist_to_nearest_powerplant_km,True
902182,4,built_up_pct;slope_deg;road_density_km_per_km2;dist_to_nearest_powerplant_km,True
902183,2,road_density_km_per_km2;dist_to_nearest_powerplant_km,True
902184,3,confidence_rmse;built_up_pct;dist_to_nearest_powerplant_km,True
902185,2,built_up_pct;dist_to_nearest_powerplant_km,True
902186,2,built_up_pct;dist_to_nearest_powerplant_km,True
902187,1,dist_to_nearest_powerplant_km,True
902188,1,dist_to_nearest_powerplant_km,True
902189,1,dist_to_nearest_powerplant_km,True
902190,3,cropland_pct;road_density_km_per_km2;dist_to_nearest_powerplant_km,True
902191,5,cropland_pct;built_up_pct;slope_deg;road_density_km_per_km2;dist_to_nearest_powerplant_km,True
902192,3,cropland_pct;slope_deg;road_density_km_per_km2,True
902193,2,cropland_pct;slope_deg,True
902194,1,slope_deg,True
902195,2,cropland_pct;road_density_km_per_km2,True
902196,4,tree_cover_pct;cropland_pct;slope_deg;road_density_km_per_km2,True
902197,4,tree_cover_pct;cropland_pct;slope_deg;road_density_km_per_km2,True
902198,6,tree_cover_pct;cropland_pct;built_up_pct;bare_sparse_veg_pct;slope_deg;road_density_km_per_km2,True
902199,1,tree_cover_pct,True
902200,0,,False
902201,0,,False
902202,0,,False
902203,0,,False
902204,0,,False
902205,0,,False
902206,2,road_density_km_per_km2;dist_to_nearest_powerplant_km,True
902207,4,tree_cover_pct;cropland_pct;road_density_km_per_km2;dist_to_nearest_powerplant_km,True
902208,3,cropland_pct;road_density_km_per_km2;dist_to_nearest_powerplant_km,True
902209,1,dist_to_nearest_powerplant_km,True
902210,2,slope_deg;dist_to_nearest_powerplant_km,True
902211,4,cropland_pct;slope_deg;road_density_km_per_km2;dist_to_nearest_powerplant_km,True
902212,5,cropland_pct;bare_sparse_veg_pct;slope_deg;road_density_km_per_km2;dist_to_nearest_powerplant_km,True
902213,3,built_up_pct;road_density_km_per_km2;dist_to_nearest_powerplant_km,True
902214,3,built_up_pct;road_density_km_per_km2;dist_to_nearest_powerplant_km,True
902215,5,cropland_pct;built_up_pct;slope_deg;road_density_km_per_km2;dist_to_nearest_powerplant_km,True
902216,5,cropland_pct;built_up_pct;slope_deg;road_density_km_per_km2;dist_to_nearest_powerplant_km,True
902217,2,slope_deg;dist_to_nearest_powerplant_km,True
902218,2,slope_deg;dist_to_nearest_powerplant_km,True
902219,6,tree_cover_pct;cropland_pct;built_up_pct;slope_deg;road_density_km_per_km2;dist_to_nearest_powerplant_km,True
902220,5,tree_cover_pct;cropland_pct;slope_deg;road_density_km_per_km2;dist_to_nearest_powerplant_km,True
902221,2,slope_deg;dist_to_nearest_powerplant_km,True
902222,3,slope_deg;road_density_km_per_km2;dist_to_nearest_powerplant_km,True
902223,5,cropland_pct;built_up_pct;slope_deg;road_density_km_per_km2;dist_to_nearest_powerplant_km,True
902224,3,built_up_pct;road_density_km_per_km2;dist_to_nearest_powerplant_km,True
902225,2,road_density_km_per_km2;dist_to_nearest_powerplant_km,True
902226,3,cropland_pct;road_density_km_per_km2;dist_to_nearest_powerplant_km,True
902227,3,built_up_pct;road_density_km_per_km2;dist_to_nearest_powerplant_km,True
902228,3,built_up_pct;road_density_km_per_km2;dist_to_nearest_powerplant_km,True
902229,3,confidence_rmse;road_density_km_per_km2;dist_to_nearest_powerplant_km,True
902230,2,confidence_rmse;dist_to_nearest_powerplant_km,True
902231,1,dist_to_nearest_powerplant_km,True
902232,2,road_density_km_per_km2;dist_to_nearest_powerplant_km,True
902233,4,cropland_pct;built_up_pct;road_density_km_per_km2;dist_to_nearest_powerplant_km,True
902234,4,cropland_pct;slope_deg;road_density_km_per_km2;dist_to_nearest_powerplant_km,True
902235,3,cropland_pct;slope_deg;road_density_km_per_km2,True
902236,4,cropland_pct;built_up_pct;slope_deg;road_density_km_per_km2,True
902237,2,cropland_pct;road_density_km_per_km2,True
902238,4,tree_cover_pct;cropland_pct;built_up_pct;road_density_km_per_km2,True
902239,4,cropland_pct;built_up_pct;slope_deg;road_density_km_per_km2,True
902240,1,cropland_pct,True
902241,1,tree_cover_pct,True
902242,0,,False
902243,0,,False
902244,0,,False
902245,1,bare_sparse_veg_pct,True
902246,0,,False
902247,1,dist_to_nearest_powerplant_km,True
902248,3,cropland_pct;road_density_km_per_km2;dist_to_nearest_powerplant_km,True
902249,4,cropland_pct;built_up_pct;road_density_km_per_km2;dist_to_nearest_powerplant_km,True
902250,5,tree_cover_pct;cropland_pct;built_up_pct;road_density_km_per_km2;dist_to_nearest_powerplant_km,True
902251,4,cropland_pct;slope_deg;road_density_km_per_km2;dist_to_nearest_powerplant_km,True
902252,3,slope_deg;road_density_km_per_km2;dist_to_nearest_powerplant_km,True
902253,5,cropland_pct;built_up_pct;slope_deg;road_density_km_per_km2;dist_to_nearest_powerplant_km,True
902254,3,built_up_pct;road_density_km_per_km2;dist_to_nearest_powerplant_km,True
902255,3,built_up_pct;road_density_km_per_km2;dist_to_nearest_powerplant_km,True
902256,6,cropland_pct;built_up_pct;bare_sparse_veg_pct;slope_deg;road_density_km_per_km2;dist_to_nearest_powerplant_km,True
902257,5,cropland_pct;built_up_pct;slope_deg;road_density_km_per_km2;dist_to_nearest_powerplant_km,True
902258,5,cropland_pct;built_up_pct;slope_deg;road_density_km_per_km2;dist_to_nearest_powerplant_km,True
902259,2,slope_deg;dist_to_nearest_powerplant_km,True
902260,1,dist_to_nearest_powerplant_km,True
902261,5,cropland_pct;built_up_pct;slope_deg;road_density_km_per_km2;dist_to_nearest_powerplant_km,True
902262,5,cropland_pct;built_up_pct;slope_deg;road_density_km_per_km2;dist_to_nearest_powerplant_km,True
902263,3,slope_deg;road_density_km_per_km2;dist_to_nearest_powerplant_km,True
902264,5,cropland_pct;built_up_pct;slope_deg;road_density_km_per_km2;dist_to_nearest_powerplant_km,True
902265,4,cropland_pct;slope_deg;road_density_km_per_km2;dist_to_nearest_powerplant_km,True
902266,2,road_density_km_per_km2;dist_to_nearest_powerplant_km,True
902267,4,built_up_pct;slope_deg;road_density_km_per_km2;dist_to_nearest_powerplant_km,True
902268,3,cropland_pct;road_density_km_per_km2;dist_to_nearest_powerplant_km,True
902269,1,dist_to_nearest_powerplant_km,True
902270,1,dist_to_nearest_powerplant_km,True
902271,4,confidence_rmse;built_up_pct;road_density_km_per_km2;dist_to_nearest_powerplant_km,True
902272,5,confidence_rmse;cropland_pct;built_up_pct;road_density_km_per_km2;dist_to_nearest_powerplant_km,True
902273,2,road_density_km_per_km2;dist_to_nearest_powerplant_km,True
902274,3,cropland_pct;road_density_km_per_km2;dist_to_nearest_powerplant_km,True
902275,3,cropland_pct;road_density_km_per_km2;dist_to_nearest_powerplant_km,True
902276,3,cropland_pct;road_density_km_per_km2;dist_to_nearest_powerplant_km,True
902277,4,cropland_pct;built_up_pct;slope_deg;road_density_km_per_km2,True
902278,5,tree_cover_pct;cropland_pct;built_up_pct;slope_deg;road_density_km_per_km2,True
902279,0,,False
902280,0,,False
902281,0,,False
902282,0,,False
902283,0,,False
902284,0,,False
902285,0,,False
902286,0,,False
902287,1,dist_to_nearest_powerplant_km,True
902288,1,dist_to_nearest_powerplant_km,True
902289,2,road_density_km_per_km2;dist_to_nearest_powerplant_km,True
902290,2,road_density_km_per_km2;dist_to_nearest_powerplant_km,True
902291,3,slope_deg;road_density_km_per_km2;dist_to_nearest_powerplant_km,True
902292,5,tree_cover_pct;cropland_pct;slope_deg;road_density_km_per_km2;dist_to_nearest_powerplant_km,True
902293,4,cropland_pct;slope_deg;road_density_km_per_km2;dist_to_nearest_powerplant_km,True
902294,5,cropland_pct;built_up_pct;slope_deg;road_density_km_per_km2;dist_to_nearest_powerplant_km,True
902295,4,built_up_pct;water_pct;road_density_km_per_km2;dist_to_nearest_powerplant_km,True
902296,3,built_up_pct;road_density_km_per_km2;dist_to_nearest_powerplant_km,True
902297,6,cropland_pct;built_up_pct;bare_sparse_veg_pct;slope_deg;road_density_km_per_km2;dist_to_nearest_powerplant_km,True
902298,4,cropland_pct;slope_deg;road_density_km_per_km2;dist_to_nearest_powerplant_km,True
902299,4,cropland_pct;slope_deg;road_density_km_per_km2;dist_to_nearest_powerplant_km,True
902300,3,tree_cover_pct;road_density_km_per_km2;dist_to_nearest_powerplant_km,True
902301,4,cropland_pct;slope_deg;road_density_km_per_km2;dist_to_nearest_powerplant_km,True
902302,4,cropland_pct;slope_deg;road_density_km_per_km2;dist_to_nearest_powerplant_km,True
902303,3,slope_deg;road_density_km_per_km2;dist_to_nearest_powerplant_km,True
902304,3,slope_deg;road_density_km_per_km2;dist_to_nearest_powerplant_km,True
902305,5,cropland_pct;built_up_pct;slope_deg;road_density_km_per_km2;dist_to_nearest_powerplant_km,True
902306,5,cropland_pct;built_up_pct;slope_deg;road_density_km_per_km2;dist_to_nearest_powerplant_km,True
902307,6,cropland_pct;built_up_pct;bare_sparse_veg_pct;slope_deg;road_density_km_per_km2;dist_to_nearest_powerplant_km,True
902308,5,cropland_pct;built_up_pct;slope_deg;road_density_km_per_km2;dist_to_nearest_powerplant_km,True
902309,3,cropland_pct;road_density_km_per_km2;dist_to_nearest_powerplant_km,True
902310,4,tree_cover_pct;cropland_pct;road_density_km_per_km2;dist_to_nearest_powerplant_km,True
902311,6,confidence_rmse;tree_cover_pct;cropland_pct;built_up_pct;road_density_km_per_km2;dist_to_nearest_powerplant_km,True
902312,6,confidence_rmse;cropland_pct;built_up_pct;bare_sparse_veg_pct;road_density_km_per_km2;dist_to_nearest_powerplant_km,True
902313,5,confidence_rmse;cropland_pct;built_up_pct;road_density_km_per_km2;dist_to_nearest_powerplant_km,True
902314,5,confidence_rmse;tree_cover_pct;cropland_pct;road_density_km_per_km2;dist_to_nearest_powerplant_km,True
902315,1,dist_to_nearest_powerplant_km,True
902316,1,dist_to_nearest_powerplant_km,True
902317,4,cropland_pct;built_up_pct;road_density_km_per_km2;dist_to_nearest_powerplant_km,True
902318,2,slope_deg;dist_to_nearest_powerplant_km,True
902319,1,slope_deg,True
902320,0,,False
902321,4,tree_cover_pct;cropland_pct;built_up_pct;road_density_km_per_km2,True
902322,3,tree_cover_pct;cropland_pct;road_density_km_per_km2,True
902323,0,,False
902324,0,,False
902325,0,,False
902326,1,dist_to_nearest_powerplant_km,True
902327,1,dist_to_nearest_powerplant_km,True
902328,2,tree_cover_pct;dist_to_nearest_powerplant_km,True
902329,1,dist_to_nearest_powerplant_km,True
902330,2,road_density_km_per_km2;dist_to_nearest_powerplant_km,True
902331,3,slope_deg;road_density_km_per_km2;dist_to_nearest_powerplant_km,True
902332,4,cropland_pct;slope_deg;road_density_km_per_km2;dist_to_nearest_powerplant_km,True
902333,5,tree_cover_pct;cropland_pct;slope_deg;road_density_km_per_km2;dist_to_nearest_powerplant_km,True
902334,6,tree_cover_pct;cropland_pct;built_up_pct;slope_deg;road_density_km_per_km2;dist_to_nearest_powerplant_km,True
902335,6,tree_cover_pct;built_up_pct;water_pct;slope_deg;road_density_km_per_km2;dist_to_nearest_powerplant_km,True
902336,3,built_up_pct;road_density_km_per_km2;dist_to_nearest_powerplant_km,True
902337,6,cropland_pct;built_up_pct;bare_sparse_veg_pct;slope_deg;road_density_km_per_km2;dist_to_nearest_powerplant_km,True
902338,4,cropland_pct;slope_deg;road_density_km_per_km2;dist_to_nearest_powerplant_km,True
902339,3,tree_cover_pct;slope_deg;dist_to_nearest_powerplant_km,True
902340,4,tree_cover_pct;cropland_pct;road_density_km_per_km2;dist_to_nearest_powerplant_km,True
902341,4,cropland_pct;slope_deg;road_density_km_per_km2;dist_to_nearest_powerplant_km,True
902342,3,slope_deg;road_density_km_per_km2;dist_to_nearest_powerplant_km,True
902343,3,slope_deg;road_density_km_per_km2;dist_to_nearest_powerplant_km,True
902344,3,slope_deg;road_density_km_per_km2;dist_to_nearest_powerplant_km,True
902345,5,cropland_pct;built_up_pct;slope_deg;road_density_km_per_km2;dist_to_nearest_powerplant_km,True
902346,5,cropland_pct;built_up_pct;slope_deg;road_density_km_per_km2;dist_to_nearest_powerplant_km,True
902347,3,cropland_pct;road_density_km_per_km2;dist_to_nearest_powerplant_km,True
902348,5,tree_cover_pct;cropland_pct;slope_deg;road_density_km_per_km2;dist_to_nearest_powerplant_km,True
902349,5,tree_cover_pct;cropland_pct;built_up_pct;road_density_km_per_km2;dist_to_nearest_powerplant_km,True
902350,5,confidence_rmse;cropland_pct;built_up_pct;road_density_km_per_km2;dist_to_nearest_powerplant_km,True
902351,6,confidence_rmse;cropland_pct;built_up_pct;bare_sparse_veg_pct;road_density_km_per_km2;dist_to_nearest_powerplant_km,True
902352,6,confidence_rmse;tree_cover_pct;cropland_pct;built_up_pct;road_density_km_per_km2;dist_to_nearest_powerplant_km,True
902353,4,confidence_rmse;cropland_pct;road_density_km_per_km2;dist_to_nearest_powerplant_km,True
902354,2,road_density_km_per_km2;dist_to_nearest_powerplant_km,True
902355,2,slope_deg;dist_to_nearest_powerplant_km,True
902356,2,road_density_km_per_km2;dist_to_nearest_powerplant_km,True
902357,4,cropland_pct;built_up_pct;road_density_km_per_km2;dist_to_nearest_powerplant_km,True
902358,2,slope_deg;dist_to_nearest_powerplant_km,True
902359,5,cropland_pct;built_up_pct;slope_deg;road_density_km_per_km2;dist_to_nearest_powerplant_km,True
902360,5,tree_cover_pct;cropland_pct;built_up_pct;road_density_km_per_km2;dist_to_nearest_powerplant_km,True
902361,5,tree_cover_pct;cropland_pct;slope_deg;road_density_km_per_km2;dist_to_nearest_powerplant_km,True
902362,2,slope_deg;dist_to_nearest_powerplant_km,True
902363,1,dist_to_nearest_powerplant_km,True
902364,1,dist_to_nearest_powerplant_km,True
902365,2,tree_cover_pct;dist_to_nearest_powerplant_km,True
902366,2,tree_cover_pct;dist_to_nearest_powerplant_km,True
902367,2,tree_cover_pct;dist_to_nearest_powerplant_km,True
902368,2,tree_cover_pct;dist_to_nearest_powerplant_km,True
902369,5,tree_cover_pct;cropland_pct;slope_deg;road_density_km_per_km2;dist_to_nearest_powerplant_km,True
902370,4,cropland_pct;slope_deg;road_density_km_per_km2;dist_to_nearest_powerplant_km,True
902371,4,cropland_pct;slope_deg;road_density_km_per_km2;dist_to_nearest_powerplant_km,True
902372,7,tree_cover_pct;cropland_pct;built_up_pct;bare_sparse_veg_pct;slope_deg;road_density_km_per_km2;dist_to_nearest_powerplant_km,True
902373,7,tree_cover_pct;cropland_pct;built_up_pct;bare_sparse_veg_pct;slope_deg;road_density_km_per_km2;dist_to_nearest_powerplant_km,True
902374,6,tree_cover_pct;cropland_pct;built_up_pct;slope_deg;road_density_km_per_km2;dist_to_nearest_powerplant_km,True
902375,4,built_up_pct;slope_deg;road_density_km_per_km2;dist_to_nearest_powerplant_km,True
902376,4,cropland_pct;built_up_pct;road_density_km_per_km2;dist_to_nearest_powerplant_km,True
902377,3,cropland_pct;road_density_km_per_km2;dist_to_nearest_powerplant_km,True
902378,3,tree_cover_pct;slope_deg;dist_to_nearest_powerplant_km,True
902379,5,tree_cover_pct;cropland_pct;slope_deg;road_density_km_per_km2;dist_to_nearest_powerplant_km,True
902380,4,cropland_pct;slope_deg;road_density_km_per_km2;dist_to_nearest_powerplant_km,True
902381,3,slope_deg;road_density_km_per_km2;dist_to_nearest_powerplant_km,True
902382,3,slope_deg;road_density_km_per_km2;dist_to_nearest_powerplant_km,True
902383,3,slope_deg;road_density_km_per_km2;dist_to_nearest_powerplant_km,True
902384,5,cropland_pct;built_up_pct;slope_deg;road_density_km_per_km2;dist_to_nearest_powerplant_km,True
902385,5,cropland_pct;built_up_pct;slope_deg;road_density_km_per_km2;dist_to_nearest_powerplant_km,True
902386,3,slope_deg;road_density_km_per_km2;dist_to_nearest_powerplant_km,True
902387,5,tree_cover_pct;cropland_pct;slope_deg;road_density_km_per_km2;dist_to_nearest_powerplant_km,True
